RENAES,TIPO,RED_ASIST,RED_CEN_ASIST,DPTO,PROVINCIA,DISTRITO,C_MINSA,HCE,DISA,RED,MICRORED
9067,H.I,RED ASISTENCIAL AMAZONAS,EL BUEN SAMARITANO ,AMAZONAS,UTCUBAMBA,BAGUA GRANDE,II-1,SI,AMAZONAS,NO PERTENECE A NINGUNA RED,NO PERTENECE A NINGUNA MICRORED
"00009068
",H.I,RED ASISTENCIAL AMAZONAS,HÉROES DEL CENEPA ,AMAZONAS,BAGUA,LA PECA,II-1,SI,AMAZONAS,NO PERTENECE A NINGUNA RED,NO PERTENECE A NINGUNA MICRORED
9066,H.I,RED ASISTENCIAL AMAZONAS,HIGOS URCO ,AMAZONAS,CHACHAPOYAS,CHACHAPOYAS,II-1,SI,AMAZONAS,NO PERTENECE A NINGUNA RED,NO PERTENECE A NINGUNA MICRORED
9069,C.A.P.II,RED ASISTENCIAL AMAZONAS,RODRÍGUEZ DE MENDOZA,AMAZONAS,RODRÍGUEZ DE MENDOZA,SAN NICOLÁS,I-3,SI,AMAZONAS,NO PERTENECE A NINGUNA RED,NO PERTENECE A NINGUNA MICRORED
9070,C.A.P.II,RED ASISTENCIAL AMAZONAS,SANTA MARÍA DE NIEVA,AMAZONAS,CONDORCANQUI,NIEVA,I-3,SI,AMAZONAS,NO PERTENECE A NINGUNA RED,NO PERTENECE A NINGUNA MICRORED
21230,C.A.P.I,RED ASISTENCIAL AMAZONAS,IMAZA,AMAZONAS,BAGUA,IMAZA,I-2,SI,AMAZONAS,NO PERTENECE A NINGUNA RED,NO PERTENECE A NINGUNA MICRORED
9071,C.A.P.I,RED ASISTENCIAL AMAZONAS,LAMUD,AMAZONAS,LUYA,LAMUD,I-2,SI,AMAZONAS,NO PERTENECE A NINGUNA RED,NO PERTENECE A NINGUNA MICRORED
9073,C.A.P.I,RED ASISTENCIAL AMAZONAS,LONYA GRANDE,AMAZONAS,UTCUBAMBA,LONYA GRANDE,I-2,SI,AMAZONAS,NO PERTENECE A NINGUNA RED,NO PERTENECE A NINGUNA MICRORED
9074,C.A.P.I,RED ASISTENCIAL AMAZONAS,OCALLI,AMAZONAS,LUYA,OCALLI,I-2,SI,AMAZONAS,NO PERTENECE A NINGUNA RED,NO PERTENECE A NINGUNA MICRORED
9072,C.A.P.I,RED ASISTENCIAL AMAZONAS,PEDRO RUIZ GALLO,AMAZONAS,BONGARÁ,JAZÁN,I-2,SI,AMAZONAS,NO PERTENECE A NINGUNA RED,NO PERTENECE A NINGUNA MICRORED
9047,H.III,RED ASISTENCIAL ANCASH      ,CHIMBOTE,ANCASH,SANTA,CHIMBOTE,SIN CATEGORIA,SI,ANCASH,NO PERTENECE A NINGUNA RED,NO PERTENECE A NINGUNA MICRORED
9054,H.I,RED ASISTENCIAL ANCASH      ,CONO SUR,ANCASH,SANTA,CHIMBOTE,I-4,SI,ANCASH,NO PERTENECE A NINGUNA RED,NO PERTENECE A NINGUNA MICRORED
10013,POL.,RED ASISTENCIAL ANCASH      ,VICTOR PANTA RODRIGUEZ,ANCASH,SANTA,CHIMBOTE,I-3,SI,ANCASH,NO PERTENECE A NINGUNA RED,NO PERTENECE A NINGUNA MICRORED
9057,C.M.,RED ASISTENCIAL ANCASH      ,CASMA,ANCASH,CASMA,CASMA,I-3,SI,ANCASH,NO PERTENECE A NINGUNA RED,NO PERTENECE A NINGUNA MICRORED
9055,C.M.,RED ASISTENCIAL ANCASH      ,COISHCO,ANCASH,SANTA,COISHCO,I-4,SI,ANCASH,NO PERTENECE A NINGUNA RED,NO PERTENECE A NINGUNA MICRORED
9059,C.M.,RED ASISTENCIAL ANCASH      ,HUARMEY,ANCASH,HUARMEY,HUARMEY,I-3,SI,ANCASH,NO PERTENECE A NINGUNA RED,NO PERTENECE A NINGUNA MICRORED
9203,C.M.,RED ASISTENCIAL ANCASH      ,SIHUAS,ANCASH,SIHUAS,SIHUAS,I-3,SI,ANCASH,CONCHUCOS NORTE,NO PERTENECE A NINGUNA MICRORED
9921,C.A.P.II,RED ASISTENCIAL ANCASH      ,SAN JACINTO,ANCASH,SANTA,NEPEÑA,I-3,SI,ANCASH,NO PERTENECE A NINGUNA RED,NO PERTENECE A NINGUNA MICRORED
9924,P.M.,RED ASISTENCIAL ANCASH      ,CABANA,ANCASH,PALLASCA,CABANA,I-2,SI,ANCASH,PACIFICO NORTE,CABANA
9201,P.M.,RED ASISTENCIAL ANCASH      ,CONCHUCOS,ANCASH,PALLASCA,CONCHUCOS,I-2,SI,ANCASH,NO PERTENECE A NINGUNA RED,NO PERTENECE A NINGUNA MICRORED
9925,P.M.,RED ASISTENCIAL ANCASH      ,PALLASCA,ANCASH,PALLASCA,PALLASCA,I-2,SI,ANCASH,NO PERTENECE A NINGUNA RED,NO PERTENECE A NINGUNA MICRORED
9202,P.M.,RED ASISTENCIAL ANCASH      ,PAMPAS,ANCASH,PALLASCA,PAMPAS,I-2,SI,ANCASH,NO PERTENECE A NINGUNA RED,NO PERTENECE A NINGUNA MICRORED
11213,H.II,RED ASISTENCIAL APURÍMAC   ,ABANCAY,APURÍMAC,ABANCAY,ABANCAY,II-2,SI,APURIMAC,NO PERTENECE A NINGUNA RED,NO PERTENECE A NINGUNA MICRORED
11214,H.I,RED ASISTENCIAL APURÍMAC   ,ANDAHUAYLAS,APURÍMAC,ANDAHUAYLAS,ANDAHUAYLAS,II-1,SI,APURIMAC,NO PERTENECE A NINGUNA RED,NO PERTENECE A NINGUNA MICRORED
11218,C.A.P.II,RED ASISTENCIAL APURÍMAC   ,CHALHUANCA,APURÍMAC,AYMARAES,CHALHUANCA,I-3,SI,APURIMAC,NO PERTENECE A NINGUNA RED,NO PERTENECE A NINGUNA MICRORED
11221,C.A.P.II,RED ASISTENCIAL APURÍMAC   ,CHINCHEROS,APURÍMAC,CHINCHEROS,CHINCHEROS,I-3,SI,APURIMAC,NO PERTENECE A NINGUNA RED,NO PERTENECE A NINGUNA MICRORED
14923,C.A.P.II,RED ASISTENCIAL APURÍMAC   ,COTABAMBAS,APURÍMAC,COTABAMBAS,TAMBOBAMBA,I-2,SI,APURIMAC,NO PERTENECE A NINGUNA RED,NO PERTENECE A NINGUNA MICRORED
11217,C.A.P.I,RED ASISTENCIAL APURÍMAC   ,ANTABAMBA,APURÍMAC,ANTABAMBA,ANTABAMBA,I-2,SI,APURIMAC,NO PERTENECE A NINGUNA RED,NO PERTENECE A NINGUNA MICRORED
11215,P.M.,RED ASISTENCIAL APURÍMAC   ,CHUQUIBAMBILLA,APURÍMAC,GRAU,CHUQUIBAMBILLA,I-2,SI,APURIMAC,NO PERTENECE A NINGUNA RED,NO PERTENECE A NINGUNA MICRORED
11216,P.M.,RED ASISTENCIAL APURÍMAC   ,CURAHUASI,APURÍMAC,ABANCAY,CURAHUASI,I-2,SI,APURIMAC,NO PERTENECE A NINGUNA RED,NO PERTENECE A NINGUNA MICRORED
13290,H.N.,RED ASISTENCIAL AREQUIPA,CARLOS ALBERTO SEGUÍN ESCOBEDO,AREQUIPA,AREQUIPA,AREQUIPA,III-1,SI,AREQUIPA,NO PERTENECE A NINGUNA RED,NO PERTENECE A NINGUNA MICRORED
13291,H.III,RED ASISTENCIAL AREQUIPA,YANAHUARA,AREQUIPA,AREQUIPA,YANAHUARA,II-1,SI,AREQUIPA,NO PERTENECE A NINGUNA RED,NO PERTENECE A NINGUNA MICRORED
13295,H.II,RED ASISTENCIAL AREQUIPA,MANUEL DE TORRES MUÑOZ,AREQUIPA,ISLAY,MOLLENDO,II-1,SI,AREQUIPA,NO PERTENECE A NINGUNA RED,NO PERTENECE A NINGUNA MICRORED
13296,H.I,RED ASISTENCIAL AREQUIPA,EDMUNDO ESCOMEL,AREQUIPA,AREQUIPA,PAUCARPATA,I-4,SI,AREQUIPA,NO PERTENECE A NINGUNA RED,NO PERTENECE A NINGUNA MICRORED
11009,H.I,RED ASISTENCIAL AREQUIPA,SAMUEL PASTOR ,AREQUIPA,CAMANÁ,SAMUEL PASTOR,I-4,SI,AREQUIPA,NO PERTENECE A NINGUNA RED,NO PERTENECE A NINGUNA MICRORED
13297,POL.,RED ASISTENCIAL AREQUIPA,METROPOLITANO,AREQUIPA,AREQUIPA,AREQUIPA,I-3,SI,AREQUIPA,NO PERTENECE A NINGUNA RED,NO PERTENECE A NINGUNA MICRORED
12199,C.A.P.III,RED ASISTENCIAL AREQUIPA,ALTO SELVA ALEGRE,AREQUIPA,AREQUIPA,ALTO SELVA ALEGRE,I-3,SI,AREQUIPA,NO PERTENECE A NINGUNA RED,NO PERTENECE A NINGUNA MICRORED
,C.A.P.III,RED ASISTENCIAL AREQUIPA,CERRO COLORADO,AREQUIPA,AREQUIPA,CERRO COLORADO,,SI,,,
13298,C.A.P.III,RED ASISTENCIAL AREQUIPA,MELITÓN SALAS TEJADA,AREQUIPA,AREQUIPA,SOCABAYA,I-3,SI,AREQUIPA,NO PERTENECE A NINGUNA RED,NO PERTENECE A NINGUNA MICRORED
,C.A.P.III,RED ASISTENCIAL AREQUIPA,MIRAFLORES,AREQUIPA,AREQUIPA,MIRAFLORES,,SI,,,
12194,C.A.P.III,RED ASISTENCIAL AREQUIPA,PAUCARPATA,AREQUIPA,AREQUIPA,PAUCARPATA,I-3,SI,AREQUIPA,NO PERTENECE A NINGUNA RED,NO PERTENECE A NINGUNA MICRORED
13299,C.M.,RED ASISTENCIAL AREQUIPA,APLAO,AREQUIPA,CASTILLA,APLAO,I-3,SI,AREQUIPA,NO PERTENECE A NINGUNA RED,NO PERTENECE A NINGUNA MICRORED
13309,C.A.P.II,RED ASISTENCIAL AREQUIPA,HUNTER,AREQUIPA,AREQUIPA,JACOBO HUNTER,SIN CATEGORIA,SI,AREQUIPA,NO PERTENECE A NINGUNA RED,NO PERTENECE A NINGUNA MICRORED
12195,P.M.,RED ASISTENCIAL AREQUIPA,ACARÍ,AREQUIPA,CARAVELÍ,ACARÍ,I-2,SI,AREQUIPA,NO PERTENECE A NINGUNA RED,NO PERTENECE A NINGUNA MICRORED
12197,P.M.,RED ASISTENCIAL AREQUIPA,ATICO,AREQUIPA,CARAVELÍ,ATICO,I-2,SI,AREQUIPA,NO PERTENECE A NINGUNA RED,NO PERTENECE A NINGUNA MICRORED
12196,P.M.,RED ASISTENCIAL AREQUIPA,CARAVELÍ,AREQUIPA,CARAVELÍ,CARAVELÍ,I-2,SI,AREQUIPA,NO PERTENECE A NINGUNA RED,NO PERTENECE A NINGUNA MICRORED
12198,P.M.,RED ASISTENCIAL AREQUIPA,CHALA,AREQUIPA,CARAVELÍ,CHALA,I-2,SI,AREQUIPA,NO PERTENECE A NINGUNA RED,NO PERTENECE A NINGUNA MICRORED
12193,P.M.,RED ASISTENCIAL AREQUIPA,CHUCARAPI,AREQUIPA,ISLAY,COCRACHACRA,I-2,SI,AREQUIPA,NO PERTENECE A NINGUNA RED,NO PERTENECE A NINGUNA MICRORED
13310,P.M.,RED ASISTENCIAL AREQUIPA,CHUQUIBAMBA,AREQUIPA,CONDESUYOS,CHUQUIBAMBA,I-2,SI,AREQUIPA,NO PERTENECE A NINGUNA RED,NO PERTENECE A NINGUNA MICRORED
13293,P.M.,RED ASISTENCIAL AREQUIPA,CONO NORTE,AREQUIPA,AREQUIPA,CERRO COLORADO,I-2,SI,AREQUIPA,NO PERTENECE A NINGUNA RED,NO PERTENECE A NINGUNA MICRORED
13300,P.M.,RED ASISTENCIAL AREQUIPA,CORIRE,AREQUIPA,CASTILLA,URACA,I-2,SI,AREQUIPA,NO PERTENECE A NINGUNA RED,NO PERTENECE A NINGUNA MICRORED
13301,P.M.,RED ASISTENCIAL AREQUIPA,COTAHUASI,AREQUIPA,LA UNIÓN,COTAHUASI,I-2,SI,AREQUIPA,NO PERTENECE A NINGUNA RED,NO PERTENECE A NINGUNA MICRORED
13305,P.M.,RED ASISTENCIAL AREQUIPA,LA JOYA,AREQUIPA,AREQUIPA,LA JOYA,I-2,SI,AREQUIPA,NO PERTENECE A NINGUNA RED,NO PERTENECE A NINGUNA MICRORED
12192,P.M.,RED ASISTENCIAL AREQUIPA,MATARANI,AREQUIPA,ISLAY,ISLAY,I-2,SI,AREQUIPA,NO PERTENECE A NINGUNA RED,NO PERTENECE A NINGUNA MICRORED
13307,P.M.,RED ASISTENCIAL AREQUIPA,SANTA RITA ,AREQUIPA,AREQUIPA,SANTA RITA,I-2,SI,AREQUIPA,NO PERTENECE A NINGUNA RED,NO PERTENECE A NINGUNA MICRORED
13306,P.M.,RED ASISTENCIAL AREQUIPA,VÍTOR,AREQUIPA,AREQUIPA,VITOR,I-2,SI,AREQUIPA,NO PERTENECE A NINGUNA RED,NO PERTENECE A NINGUNA MICRORED
13304,C.A.P.I,RED ASISTENCIAL AREQUIPA,EL PEDREGAL,AREQUIPA,CAILLOMA,LLUTA,I-2,SI,AREQUIPA,NO PERTENECE A NINGUNA RED,NO PERTENECE A NINGUNA MICRORED
13292,C.A.P.I,RED ASISTENCIAL AREQUIPA,CHIVAY,AREQUIPA,CAYLLOMA,CHIVAY,I-2,SI,AREQUIPA,NO PERTENECE A NINGUNA RED,NO PERTENECE A NINGUNA MICRORED
13294,C.A.P.I,RED ASISTENCIAL AREQUIPA,YURA,AREQUIPA,AREQUIPA,YURA,I-2,SI,AREQUIPA,NO PERTENECE A NINGUNA RED,NO PERTENECE A NINGUNA MICRORED
11775,H.II,RED ASISTENCIAL AYACUCHO     ,"HUAMANGA ""CARLOS TUPPIA GARCIA GODOS""",AYACUCHO,HUAMANGA,SAN JUAN BAUTISTA,II-1,SI,AYACUCHO,NO PERTENECE A NINGUNA RED,NO PERTENECE A NINGUNA MICRORED
11465,C.A.P.III,RED ASISTENCIAL AYACUCHO     ,METROPOLITANO,AYACUCHO,HUAMANGA,AYACUCHO,I-3,SI,AYACUCHO,NO PERTENECE A NINGUNA RED,NO PERTENECE A NINGUNA MICRORED
11446,C.A.P.II,RED ASISTENCIAL AYACUCHO     ,HUANTA,AYACUCHO,HUANTA,HUANTA,I-3,SI,AYACUCHO,NO PERTENECE A NINGUNA RED,NO PERTENECE A NINGUNA MICRORED
11444,P.M.,RED ASISTENCIAL AYACUCHO     ,CANGALLO,AYACUCHO,CANGALLO,CANGALLO,I-2,SI,AYACUCHO,NO PERTENECE A NINGUNA RED,NO PERTENECE A NINGUNA MICRORED
11433,P.M.,RED ASISTENCIAL AYACUCHO     ,HUANCAPI,AYACUCHO,VÍCTOR FAJARDO,HUANCAPI,I-2,SI,AYACUCHO,NO PERTENECE A NINGUNA RED,NO PERTENECE A NINGUNA MICRORED
11434,P.M.,RED ASISTENCIAL AYACUCHO     ,QUEROBAMBA,AYACUCHO,SUCRE,QUEROBAMBA,I-2,SI,AYACUCHO,NO PERTENECE A NINGUNA RED,NO PERTENECE A NINGUNA MICRORED
11445,P.M.,RED ASISTENCIAL AYACUCHO     ,SAN FRANCISCO,AYACUCHO,LA MAR,AYNAS,I-2,SI,AYACUCHO,NO PERTENECE A NINGUNA RED,NO PERTENECE A NINGUNA MICRORED
11432,P.M.,RED ASISTENCIAL AYACUCHO     ,SAN MIGUEL,AYACUCHO,LA MAR,SAN MIGUEL,I-2,SI,AYACUCHO,NO PERTENECE A NINGUNA RED,NO PERTENECE A NINGUNA MICRORED
11435,P.M.,RED ASISTENCIAL AYACUCHO     ,VILCASHUAMÁN,AYACUCHO,VILCASHUAMÁN,VILCASHUAMÁN,I-2,SI,AYACUCHO,NO PERTENECE A NINGUNA RED,NO PERTENECE A NINGUNA MICRORED
11440,C.A.P.I,RED ASISTENCIAL AYACUCHO     ,HUANCASANCOS ,AYACUCHO,HUANCASANCOS,SANCOS,I-2,SI,AYACUCHO,NO PERTENECE A NINGUNA RED,NO PERTENECE A NINGUNA MICRORED
10272,H.II,RED ASISTENCIAL CAJAMARCA          ,CAJAMARCA,CAJAMARCA,CAJAMARCA,CAJAMARCA,II-2,SI,CAJAMARCA,NO PERTENECE A NINGUNA RED,NO PERTENECE A NINGUNA MICRORED
10278,C.M.,RED ASISTENCIAL CAJAMARCA          ,CAJABAMBA,CAJAMARCA,CAJABAMBA,CAJABAMBA,I-3,SI,CAJAMARCA,NO PERTENECE A NINGUNA RED,NO PERTENECE A NINGUNA MICRORED
10269,C.M.,RED ASISTENCIAL CAJAMARCA          ,CELENDÍN,CAJAMARCA,CELENDÍN,CELENDÍN,I-3,SI,CAJAMARCA,NO PERTENECE A NINGUNA RED,NO PERTENECE A NINGUNA MICRORED
10821,C.A.P.II,RED ASISTENCIAL CAJAMARCA          ,LOS BAÑOS DEL INCA,CAJAMARCA,CAJAMARCA,LLACANORA,I-3,SI,CAJAMARCA,NO PERTENECE A NINGUNA RED,NO PERTENECE A NINGUNA MICRORED
10277,P.M.,RED ASISTENCIAL CAJAMARCA          ,BAMBAMARCA,CAJAMARCA,HUALGAYOC,BAMBAMARCA,I-2,SI,CAJAMARCA,NO PERTENECE A NINGUNA RED,NO PERTENECE A NINGUNA MICRORED
,P.M.,RED ASISTENCIAL CAJAMARCA          ,BOLÍVAR,LA LIBERTAD,BOLÍVAR,BOLÍVAR,I-2,SI,,,
10276,P.M.,RED ASISTENCIAL CAJAMARCA          ,CONTUMAZÁ,CAJAMARCA,CONTUMAZÁ,CONTUMAZÁ,I-2,SI,CAJAMARCA,NO PERTENECE A NINGUNA RED,NO PERTENECE A NINGUNA MICRORED
10275,P.M.,RED ASISTENCIAL CAJAMARCA          ,SAN MARCOS,CAJAMARCA,SAN MARCOS,PEDRO GÁLVEZ,I-2,SI,CAJAMARCA,NO PERTENECE A NINGUNA RED,NO PERTENECE A NINGUNA MICRORED
10273,P.M.,RED ASISTENCIAL CAJAMARCA          ,SAN MIGUEL,CAJAMARCA,SAN MIGUEL,SAN MIGUEL,I-2,SI,CAJAMARCA,NO PERTENECE A NINGUNA RED,NO PERTENECE A NINGUNA MICRORED
10271,P.M.,RED ASISTENCIAL CAJAMARCA          ,SAN PABLO,CAJAMARCA,SAN PABLO,SAN PABLO,I-2,SI,CAJAMARCA,NO PERTENECE A NINGUNA RED,NO PERTENECE A NINGUNA MICRORED
10274,P.M.,RED ASISTENCIAL CAJAMARCA          ,TEMBLADERA,CAJAMARCA,CONTUMAZÁ,YONÁN,I-2,SI,CAJAMARCA,NO PERTENECE A NINGUNA RED,NO PERTENECE A NINGUNA MICRORED
10270,C.A.P.I,RED ASISTENCIAL CAJAMARCA          ,HUALGAYOC,CAJAMARCA,HUALGAYOC,HUALGAYOC,I-2,SI,CAJAMARCA,NO PERTENECE A NINGUNA RED,NO PERTENECE A NINGUNA MICRORED
10041,H.N.,RED ASISTENCIAL CUSCO       ,ADOLFO GUEVARA VELASCO,CUSCO,CUSCO,CUSCO,III-1,SI,CUSCO,NO PERTENECE A NINGUNA RED,NO PERTENECE A NINGUNA MICRORED
10061,H.I,RED ASISTENCIAL CUSCO       ,ESPINAR,CUSCO,ESPINAR,ESPINAR,I-4,SI,CUSCO,NO PERTENECE A NINGUNA RED,NO PERTENECE A NINGUNA MICRORED
10062,H.I,RED ASISTENCIAL CUSCO       ,QUILLABAMBA,CUSCO,LA CONVENCIÓN,SANTA ANA,I-4,SI,CUSCO,NO PERTENECE A NINGUNA RED,NO PERTENECE A NINGUNA MICRORED
10063,H.I,RED ASISTENCIAL CUSCO       ,SICUANI,CUSCO,CANCHIS,SICUANI,II-1,SI,CUSCO,NO PERTENECE A NINGUNA RED,NO PERTENECE A NINGUNA MICRORED
10060,H.I,RED ASISTENCIAL CUSCO       ,URUBAMBA,CUSCO,URUBAMBA,URUBAMBA,I-4,SI,CUSCO,NO PERTENECE A NINGUNA RED,NO PERTENECE A NINGUNA MICRORED
10065,POL.,RED ASISTENCIAL CUSCO       ,SAN SEBASTIÁN,CUSCO,CUSCO,SAN SEBASTIÁN,I-3,SI,CUSCO,NO PERTENECE A NINGUNA RED,NO PERTENECE A NINGUNA MICRORED
10076,C.M.,RED ASISTENCIAL CUSCO       ,ACOMAYO,CUSCO,ACOMAYO,ACOMAYO,I-2,SI,CUSCO,NO PERTENECE A NINGUNA RED,NO PERTENECE A NINGUNA MICRORED
10069,C.M.,RED ASISTENCIAL CUSCO       ,CALCA,CUSCO,CALCA,CALCA,I-3,SI,CUSCO,NO PERTENECE A NINGUNA RED,NO PERTENECE A NINGUNA MICRORED
10073,C.M.,RED ASISTENCIAL CUSCO       ,MACHU PICCHU,CUSCO,URUBAMBA,MACHU PICCHU,I-2,SI,CUSCO,NO PERTENECE A NINGUNA RED,NO PERTENECE A NINGUNA MICRORED
10066,C.M.,RED ASISTENCIAL CUSCO       ,METROPOLITANO,CUSCO,CUSCO,CUSCO,I-2,SI,,,
10077,C.M.,RED ASISTENCIAL CUSCO       ,PAUCARTAMBO,CUSCO,PAUCARTAMBO,PAUCARTAMBO,I-2,SI,CUSCO,NO PERTENECE A NINGUNA RED,NO PERTENECE A NINGUNA MICRORED
,C.M.,RED ASISTENCIAL CUSCO       ,PICHARI,CUSCO,LA CONVENCIÓN,PICHARI,SIN CATEGORIA,SI,,,
10067,C.M.,RED ASISTENCIAL CUSCO       ,SAN FRANCISCO  ,CUSCO,CUSCO,SANTIAGO,I-3,SI,CUSCO,NO PERTENECE A NINGUNA RED,NO PERTENECE A NINGUNA MICRORED
10068,C.M.,RED ASISTENCIAL CUSCO       ,URCOS,CUSCO,QUISPICANCHIS,URCOS,I-3,SI,CUSCO,NO PERTENECE A NINGUNA RED,NO PERTENECE A NINGUNA MICRORED
10075,C.A.P.II,RED ASISTENCIAL CUSCO       ,HUYRO,CUSCO,LA CONVENCIÓN,SANTA ANA,I-2,SI,CUSCO,NO PERTENECE A NINGUNA RED,NO PERTENECE A NINGUNA MICRORED
14531,C.A.P.I,RED ASISTENCIAL CUSCO       ,ECHARATE,CUSCO,LA CONVENCIÓN,ECHARATE,I-2,SI,CUSCO,NO PERTENECE A NINGUNA RED,NO PERTENECE A NINGUNA MICRORED
13185,C.A.P.I,RED ASISTENCIAL CUSCO       ,SANTO TOMAS,CUSCO,CHUMBIVILCAS,CUSCO,I-2,SI,CUSCO,NO PERTENECE A NINGUNA RED,NO PERTENECE A NINGUNA MICRORED
14339,P.M.,RED ASISTENCIAL CUSCO       ,SALVACIÓN,MADRE DE DIOS,MANU,MANU,I-2,SI,MADRE DE DIOS,NO PERTENECE A NINGUNA RED,NO PERTENECE A NINGUNA MICRORED
9132,H.II,RED ASISTENCIAL  HUANCAVELICA        ,HUANCAVELICA,HUANCAVELICA,HUANCAVELICA,ASCENSIÓN,II-1,SI,HUANCAVELICA,NO PERTENECE A NINGUNA RED,NO PERTENECE A NINGUNA MICRORED
9135,C.M.,RED ASISTENCIAL  HUANCAVELICA        ,LIRCAY,HUANCAVELICA,ANGARAES,LIRCAY,I-3,SI,HUANCAVELICA,NO PERTENECE A NINGUNA RED,NO PERTENECE A NINGUNA MICRORED
9133,C.M.,RED ASISTENCIAL  HUANCAVELICA        ,PAMPAS,HUANCAVELICA,TAYACAJA,PAMPAS,I-3,SI,HUANCAVELICA,NO PERTENECE A NINGUNA RED,NO PERTENECE A NINGUNA MICRORED
9137,P.M.,RED ASISTENCIAL  HUANCAVELICA        ,ACOBAMBA,HUANCAVELICA,ACOBAMBA,ACOBAMBA,I-2,SI,HUANCAVELICA,NO PERTENECE A NINGUNA RED,NO PERTENECE A NINGUNA MICRORED
9136,P.M.,RED ASISTENCIAL  HUANCAVELICA        ,CASTROVIRREYNA,HUANCAVELICA,CASTROVIRREYNA,CASTROVIRREYNA,I-2,SI,HUANCAVELICA,NO PERTENECE A NINGUNA RED,NO PERTENECE A NINGUNA MICRORED
9140,C.A.P.I,RED ASISTENCIAL  HUANCAVELICA        ,CHURCAMPA,HUANCAVELICA,CHURCAMPA,CHURCAMPA,I-2,SI,HUANCAVELICA,NO PERTENECE A NINGUNA RED,NO PERTENECE A NINGUNA MICRORED
9139,C.A.P.I,RED ASISTENCIAL  HUANCAVELICA        ,HUAYTARÁ,HUANCAVELICA,HUAYTARÁ,HUAYTARÁ,I-2,SI,HUANCAVELICA,NO PERTENECE A NINGUNA RED,NO PERTENECE A NINGUNA MICRORED
10571,H.II,RED ASISTENCIAL HUÁNUCO    ,HUÁNUCO,HUÁNUCO,HUÁNUCO,AMARILIS,II-2,SI,HUANUCO,NO PERTENECE A NINGUNA RED,NO PERTENECE A NINGUNA MICRORED
9180,H.I,RED ASISTENCIAL HUÁNUCO    ,TINGO MARÍA,HUÁNUCO,LEONCIO PRADO,RUPA RUPA,II-1,SI,HUANUCO,NO PERTENECE A NINGUNA RED,NO PERTENECE A NINGUNA MICRORED
18081,C.A.P.III,RED ASISTENCIAL HUÁNUCO    ,METROPOLITANO DE HUÁNUCO,HUÁNUCO,HUÁNUCO,HUÁNUCO,I-2,SI,HUANUCO,NO PERTENECE A NINGUNA RED,NO PERTENECE A NINGUNA MICRORED
9957,C.M.,RED ASISTENCIAL HUÁNUCO    ,LEONCIO PRADO,HUÁNUCO,AMBO,AMBO,I-3,SI,HUANUCO,NO PERTENECE A NINGUNA RED,NO PERTENECE A NINGUNA MICRORED
9951,P.M.,RED ASISTENCIAL HUÁNUCO    ,AUCAYACU,HUÁNUCO,LEONCIO PRADO,JOSÉ CRESPO Y CASTILLO,I-2,SI,HUANUCO,NO PERTENECE A NINGUNA RED,NO PERTENECE A NINGUNA MICRORED
10567,P.M.,RED ASISTENCIAL HUÁNUCO    ,BAÑOS,HUÁNUCO,LAURICOCHA,BAÑOS,I-2,SI,HUANUCO,NO PERTENECE A NINGUNA RED,NO PERTENECE A NINGUNA MICRORED
10181,P.M.,RED ASISTENCIAL HUÁNUCO    ,LA UNIÓN,HUÁNUCO,DOS DE MAYO,LA UNION,I-2,SI,HUANUCO,NO PERTENECE A NINGUNA RED,NO PERTENECE A NINGUNA MICRORED
9956,P.M.,RED ASISTENCIAL HUÁNUCO    ,LLATA,HUÁNUCO,HUMALIES,LLATA,I-2,SI,HUANUCO,NO PERTENECE A NINGUNA RED,NO PERTENECE A NINGUNA MICRORED
9958,P.M.,RED ASISTENCIAL HUÁNUCO    ,PANAO,HUÁNUCO,PACHITEA,PANAO,I-2,SI,HUANUCO,NO PERTENECE A NINGUNA RED,NO PERTENECE A NINGUNA MICRORED
10702,P.M.,RED ASISTENCIAL HUÁNUCO    ,SANTA LUCÍA,SAN MARTÍN,TOCACHE,UCHIZA,I-2,SI,SAN MARTIN,NO PERTENECE A NINGUNA RED,NO PERTENECE A NINGUNA MICRORED
9953,P.M.,RED ASISTENCIAL HUÁNUCO    ,SÚNGARO,HUÁNUCO,PUERTO INCA ,PUERTO INCA ,I-2,SI,HUANUCO,NO PERTENECE A NINGUNA RED,NO PERTENECE A NINGUNA MICRORED
10703,P.M.,RED ASISTENCIAL HUÁNUCO    ,TOCACHE,SAN MARTÍN,TOCACHE,TOCACHE,I-2,SI,SAN MARTIN,NO PERTENECE A NINGUNA RED,NO PERTENECE A NINGUNA MICRORED
10704,C.A.P.I,RED ASISTENCIAL HUÁNUCO    ,UCHIZA,SAN MARTÍN,TOCACHE,UCHIZA,I-2,SI,SAN MARTIN,NO PERTENECE A NINGUNA RED,NO PERTENECE A NINGUNA MICRORED
9053,H.II,RED ASISTENCIAL HUARAZ      ,HUARAZ,ANCASH,HUARAZ,HUARAZ,SIN CATEGORIA,SI,ANCASH,NO PERTENECE A NINGUNA RED,NO PERTENECE A NINGUNA MICRORED
9920,C.M.,RED ASISTENCIAL HUARAZ      ,CARAZ,ANCASH,HUAYLAS,CARAZ,I-3,SI,ANCASH,NO PERTENECE A NINGUNA RED,NO PERTENECE A NINGUNA MICRORED
9060,C.M.,RED ASISTENCIAL HUARAZ      ,CARHUAZ,ANCASH,CARHUAZ,CARHUAZ,I-3,SI,ANCASH,NO PERTENECE A NINGUNA RED,NO PERTENECE A NINGUNA MICRORED
9204,C.M.,RED ASISTENCIAL HUARAZ      ,HUARI,ANCASH,HUARI,HUARI,I-3,SI,ANCASH,NO PERTENECE A NINGUNA RED,NO PERTENECE A NINGUNA MICRORED
9926,P.M.,RED ASISTENCIAL HUARAZ      ,PISCOBAMBA,ANCASH,MCAL.LUZURIAGA,PISCOBAMBA,I-2,SI,ANCASH,NO PERTENECE A NINGUNA RED,NO PERTENECE A NINGUNA MICRORED
9922,C.A.P.II,RED ASISTENCIAL HUARAZ      ,POMABAMBA,ANCASH,POMABAMBA,POMABAMBA,I-3,SI,ANCASH,NO PERTENECE A NINGUNA RED,NO PERTENECE A NINGUNA MICRORED
9923,P.M.,RED ASISTENCIAL HUARAZ      ,YUNGAY,ANCASH,YUNGAY,YUNGAY,SIN CATEGORIA,SI,ANCASH,NO PERTENECE A NINGUNA RED,NO PERTENECE A NINGUNA MICRORED
16374,H.IV,RED ASISTENCIAL ICA  ,AUGUSTO HERNANDEZ MENDOZA ,ICA,ICA,,II-2,SI,ICA,NO PERTENECE A NINGUNA RED,NO PERTENECE A NINGUNA MICRORED
13910,H.II,RED ASISTENCIAL ICA  ,RENÉ TOCHE GROPPO ,ICA,CHINCHA,CHINCHA ALTA,II-1,SI,ICA,NO PERTENECE A NINGUNA RED,NO PERTENECE A NINGUNA MICRORED
14147,H.I,RED ASISTENCIAL ICA  ,ANTONIO SKRABONJA ANTONCICH ,ICA,PISCO,PISCO,II-1,SI,ICA,NO PERTENECE A NINGUNA RED, 
13912,H.I,RED ASISTENCIAL ICA  ,FÉLIX TORREALVA GUTIÉRREZ,ICA,ICA,ICA,II-1,SI,ICA,NO PERTENECE A NINGUNA RED,NO PERTENECE A NINGUNA MICRORED
13911,H.I,RED ASISTENCIAL ICA  ,MARÍA REICHE NEUMAN ,ICA,NAZCA,MARCONA,I-3,SI,ICA,ICA-PALPA-NAZCA,NO PERTENECE A NINGUNA MICRORED
12024,C.A.P.II,RED ASISTENCIAL ICA  ,LA TINGUIÑA,ICA,ICA,LA TINGUIÑA,I-3,SI,,,
11967,C.A.P.II,RED ASISTENCIAL ICA  ,MACACONA,ICA,ICA,SUBJANTALLA,I-3,SI,ICA,NO PERTENECE A NINGUNA RED,NO PERTENECE A NINGUNA MICRORED
10429,C.A.P.II,RED ASISTENCIAL ICA  ,NASCA,ICA,NAZCA,NAZCA,I-3,SI,ICA,NO PERTENECE A NINGUNA RED,NO PERTENECE A NINGUNA MICRORED
12277,C.A.P.II,RED ASISTENCIAL ICA  ,PUEBLO NUEVO,ICA,CHINCHA,PUEBLO NUEVO,I-2,SI,ICA,NO PERTENECE A NINGUNA RED,NO PERTENECE A NINGUNA MICRORED
11438,C.A.P.II,RED ASISTENCIAL ICA  ,PUQUIO,AYACUCHO,LUCANAS,PUQUIO,I-3,SI,AYACUCHO,NO PERTENECE A NINGUNA RED,NO PERTENECE A NINGUNA MICRORED
11968,C.A.P.II,RED ASISTENCIAL ICA  ,SANTA MARGARITA,ICA,ICA,SANTIAGO,I-3,SI,ICA,NO PERTENECE A NINGUNA RED,NO PERTENECE A NINGUNA MICRORED
11970,C.A.P.I,RED ASISTENCIAL ICA  ,CHAVALINA,ICA,ICA,SAN JOSÉ DE LOS MOLINOS,I-2,SI,ICA,NO PERTENECE A NINGUNA RED,NO PERTENECE A NINGUNA MICRORED
11443,C.A.P.I,RED ASISTENCIAL ICA  ,CORACORA,AYACUCHO,PARINACOCHAS,CORACORA,I-2,SI,AYACUCHO,NO PERTENECE A NINGUNA RED,NO PERTENECE A NINGUNA MICRORED
10483,C.A.P.I,RED ASISTENCIAL ICA  ,PALPA,ICA,PALPA,PALPA,I-3,SI,ICA,NO PERTENECE A NINGUNA RED,NO PERTENECE A NINGUNA MICRORED
12022,C.A.P.I,RED ASISTENCIAL ICA  ,SAN CLEMENTE,ICA,PISCO,SAN CLEMENTE,I-4,SI,ICA,NO PERTENECE A NINGUNA RED,NO PERTENECE A NINGUNA MICRORED
12023,C.A.P.I,RED ASISTENCIAL ICA  ,TAMBO DE MORA,ICA,CHINCHA,TAMBO DE MORA,I-2,SI,ICA,NO PERTENECE A NINGUNA RED,NO PERTENECE A NINGUNA MICRORED
11969,C.A.P.I,RED ASISTENCIAL ICA  ,VILLA TÚPAC AMARU,ICA,PISCO,TÚPAC AMARU INCA,I-2,SI,ICA,NO PERTENECE A NINGUNA RED,NO PERTENECE A NINGUNA MICRORED
8652,H.N.,RED ASISTENCIAL JUNÍN  ,RAMIRO PRIALÉ PRIALÉ,JUNÍN,HUANCAYO,EL TAMBO,III-1,SI,JUNIN,NO PERTENECE A NINGUNA RED,NO PERTENECE A NINGUNA MICRORED
8653,H.II,RED ASISTENCIAL JUNÍN  ,ALBERTO HURTADO ABADIA ,JUNÍN,YAULI,LA OROYA,II-1,SI,JUNIN,NO PERTENECE A NINGUNA RED,NO PERTENECE A NINGUNA MICRORED
8656,H.I,RED ASISTENCIAL JUNÍN  ,HOSPITAL DE LA SELVA CENTRAL Y ENFERMEDADES TROPICALES HUGO PESCE PESCETTO,JUNÍN,CHANCHAMAYO,CHANCHAMAYO,II-1,SI,JUNIN,NO PERTENECE A NINGUNA RED,NO PERTENECE A NINGUNA MICRORED
8658,H.I,RED ASISTENCIAL JUNÍN  ,RÍO NEGRO - SATIPO,JUNÍN,SATIPO,SATIPO,I-4,SI,JUNIN,NO PERTENECE A NINGUNA RED,NO PERTENECE A NINGUNA MICRORED
8654,H.I,RED ASISTENCIAL JUNÍN  ,TARMA,JUNÍN,TARMA,TARMA,I-4,SI,JUNIN,NO PERTENECE A NINGUNA RED,NO PERTENECE A NINGUNA MICRORED
8667,POL.,RED ASISTENCIAL JUNÍN  ,JAUJA,JUNÍN,JAUJA,JAUJA,I-3,SI,JUNIN,NO PERTENECE A NINGUNA RED,NO PERTENECE A NINGUNA MICRORED
8660,POL.,RED ASISTENCIAL JUNÍN  ,METROPOLITANO HUANCAYO,JUNÍN,HUANCAYO,EL TAMBO,I-4,SI,JUNIN,NO PERTENECE A NINGUNA RED,NO PERTENECE A NINGUNA MICRORED
12190,C.A.P.III,RED ASISTENCIAL JUNÍN  ,MANTARO,JUNÍN,HUANCAYO,HUANCAYO,I-3,SI,JUNIN,NO PERTENECE A NINGUNA RED,NO PERTENECE A NINGUNA MICRORED
8668,C.M.,RED ASISTENCIAL JUNÍN  ,CONCEPCIÓN,JUNÍN,CONCEPCIÓN,CONCEPCIÓN,I-2,SI,JUNIN,NO PERTENECE A NINGUNA RED,NO PERTENECE A NINGUNA MICRORED
12188,C.A.P.II,RED ASISTENCIAL JUNÍN  ,CHILCA,JUNÍN,HUANCAYO,CHILCA,I-3,SI,JUNIN,NO PERTENECE A NINGUNA RED,NO PERTENECE A NINGUNA MICRORED
12191,C.A.P.II,RED ASISTENCIAL JUNÍN  ,CHUPACA,JUNÍN,CHUPACA,CHUPACA,I-3,SI,JUNIN,NO PERTENECE A NINGUNA RED, 
8672,C.A.P.II,RED ASISTENCIAL JUNÍN  ,JUNÍN,JUNÍN,JUNÍN,JUNÍN,I-2,SI,JUNIN,NO PERTENECE A NINGUNA RED,NO PERTENECE A NINGUNA MICRORED
8674,C.A.P.II,RED ASISTENCIAL JUNÍN  ,MOROCOCHA,JUNÍN,YAULI,MOROCOCHA,I-2,SI,JUNIN,NO PERTENECE A NINGUNA RED,NO PERTENECE A NINGUNA MICRORED
8669,P.M.,RED ASISTENCIAL JUNÍN  ,ANDAYCHAGUA,JUNÍN,YAULI,HUAY-HUAY,I-2,SI,JUNIN,NO PERTENECE A NINGUNA RED,NO PERTENECE A NINGUNA MICRORED
9119,P.M.,RED ASISTENCIAL JUNÍN  ,COBRIZA,HUANCAVELICA,CHURCAMPA,SAN PEDRO DE CORIS,I-2,SI,HUANCAVELICA,NO PERTENECE A NINGUNA RED,NO PERTENECE A NINGUNA MICRORED
8670,P.M.,RED ASISTENCIAL JUNÍN  ,CORPACANCHA,JUNÍN,YAULI,SANTA BARBARA,I-2,SI,JUNIN,NO PERTENECE A NINGUNA RED,NO PERTENECE A NINGUNA MICRORED
8673,P.M.,RED ASISTENCIAL JUNÍN  ,MARH-TÚNEL,JUNÍN,YAULI,YAULI,I-2,SI,JUNIN,NO PERTENECE A NINGUNA RED,NO PERTENECE A NINGUNA MICRORED
8676,P.M.,RED ASISTENCIAL JUNÍN  ,PACHACAYO,JUNÍN,JAUJA,CANCHAYLLO,I-2,SI,JUNIN,NO PERTENECE A NINGUNA RED,NO PERTENECE A NINGUNA MICRORED
8677,P.M.,RED ASISTENCIAL JUNÍN  ,SAN CRISTÓBAL,JUNÍN,YAULI,YAULI,I-2,SI,JUNIN,NO PERTENECE A NINGUNA RED,NO PERTENECE A NINGUNA MICRORED
8678,P.M.,RED ASISTENCIAL JUNÍN  ,SAN PEDRO DE CAJAS,JUNÍN,TARMA,SAN PEDRO DE CAJAS,I-2,SI,JUNIN,NO PERTENECE A NINGUNA RED,NO PERTENECE A NINGUNA MICRORED
21890,P.M.,RED ASISTENCIAL JUNÍN  ,YAURICOCHA,LIMA,YAUYOS,ALÍS,I-2,SI,LIMA,NO PERTENECE A NINGUNA RED,NO PERTENECE A NINGUNA MICRORED
12189,C.A.P.I,RED ASISTENCIAL JUNÍN  ,PICHANAQUI,JUNÍN,CHANCHAMAYO,PICHANAQUI,I-2,SI,JUNIN,NO PERTENECE A NINGUNA RED,NO PERTENECE A NINGUNA MICRORED
20925,H.N.,RED ASISTENCIAL LA LIBERTAD       ,HOSPITAL DE ALTA COMPLEJIDAD DE LA LIBERTAD VIRGEN DE LA PUERTA,LA LIBERTAD,TRUJILLO,LA ESPERANZA,III-E,SI,LA LIBERTAD,NO PERTENECE A NINGUNA RED,NO PERTENECE A NINGUNA MICRORED
9042,H.IV,RED ASISTENCIAL LA LIBERTAD       ,VÍCTOR LAZARTE ECHEGARAY,LA LIBERTAD,TRUJILLO,TRUJILLO,III-1,SI,LA LIBERTAD,NO PERTENECE A NINGUNA RED,NO PERTENECE A NINGUNA MICRORED
9037,H.II,RED ASISTENCIAL LA LIBERTAD       ,CHOCOPE,LA LIBERTAD,ASCOPE,CHOCOPE,II-2,SI,LA LIBERTAD,NO PERTENECE A NINGUNA RED,NO PERTENECE A NINGUNA MICRORED
8685,H.I,RED ASISTENCIAL LA LIBERTAD       ,ALBRECHT,LA LIBERTAD,TRUJILLO,TRUJILLO,II-1,SI,LA LIBERTAD,NO PERTENECE A NINGUNA RED,NO PERTENECE A NINGUNA MICRORED
9278,H.I,RED ASISTENCIAL LA LIBERTAD       ,FLORENCIA DE MORA,LA LIBERTAD,TRUJILLO,FLORENCIA DE MORA,II-E,SI,LA LIBERTAD,NO PERTENECE A NINGUNA RED,NO PERTENECE A NINGUNA MICRORED
9040,H.I,RED ASISTENCIAL LA LIBERTAD       ,LA ESPERANZA,LA LIBERTAD,TRUJILLO,LA ESPERANZA,II-1,SI,LA LIBERTAD,NO PERTENECE A NINGUNA RED,NO PERTENECE A NINGUNA MICRORED
9038,H.I,RED ASISTENCIAL LA LIBERTAD       ,MOCHE,LA LIBERTAD,TRUJILLO,MOCHE,I-4,SI,LA LIBERTAD,NO PERTENECE A NINGUNA RED,NO PERTENECE A NINGUNA MICRORED
8514,H.I,RED ASISTENCIAL LA LIBERTAD       ,PACASMAYO,LA LIBERTAD,PACASMAYO,PACASMAYO,I-4,SI,LA LIBERTAD,NO PERTENECE A NINGUNA RED,NO PERTENECE A NINGUNA MICRORED
11702,H.,RED ASISTENCIAL LA LIBERTAD       ,VICTOR SOLES GARCIA,LA LIBERTAD,VIRÚ,VIRÚ,I-4,SI,LA LIBERTAD,NO PERTENECE A NINGUNA RED,NO PERTENECE A NINGUNA MICRORED
9041,POL.,RED ASISTENCIAL LA LIBERTAD       ,EL PORVENIR,LA LIBERTAD,TRUJILLO,EL PORVENIR,I-4,SI,LA LIBERTAD,NO PERTENECE A NINGUNA RED,NO PERTENECE A NINGUNA MICRORED
11659,POL.,RED ASISTENCIAL LA LIBERTAD       ,VÍCTOR LARCO HERRERA,LA LIBERTAD,TRUJILLO,VÍCTOR LARCO HERRERA,SIN CATEGORIA,SI,LA LIBERTAD,NO PERTENECE A NINGUNA RED,NO PERTENECE A NINGUNA MICRORED
11373,C.A.P.III,RED ASISTENCIAL LA LIBERTAD       ,METROPOLITANO DE TRUJILLO,LA LIBERTAD,TRUJILLO,TRUJILLO,I-3,SI,LA LIBERTAD,NO PERTENECE A NINGUNA RED,NO PERTENECE A NINGUNA MICRORED
9043,C.M.,RED ASISTENCIAL LA LIBERTAD       ,ASCOPE,LA LIBERTAD,ASCOPE,ASCOPE,I-4,SI,LA LIBERTAD,NO PERTENECE A NINGUNA RED,NO PERTENECE A NINGUNA MICRORED
9141,C.M.,RED ASISTENCIAL LA LIBERTAD       ,ESPECIALIZADO CASA GRANDE,LA LIBERTAD,ASCOPE,CASA GRANDE,I-4,SI,LA LIBERTAD,NO PERTENECE A NINGUNA RED,NO PERTENECE A NINGUNA MICRORED
12096,C.M.,RED ASISTENCIAL LA LIBERTAD       ,HUANCHACO,LA LIBERTAD,TRUJILLO,HUANCHACO,I-2,SI,LA LIBERTAD,NO PERTENECE A NINGUNA RED,NO PERTENECE A NINGUNA MICRORED
12101,C.A.P.II,RED ASISTENCIAL LA LIBERTAD       ,GUADALUPE,LA LIBERTAD,PACASMAYO,GUADALUPE,I-2,SI,LA LIBERTAD,NO PERTENECE A NINGUNA RED,NO PERTENECE A NINGUNA MICRORED
12109,C.A.P.II,RED ASISTENCIAL LA LIBERTAD       ,HUAMACHUCO,LA LIBERTAD,SÁNCHEZ CARRIÓN,HUAMACHUCO,I-2,SI,LA LIBERTAD,NO PERTENECE A NINGUNA RED,NO PERTENECE A NINGUNA MICRORED
9142,C.A.P.II,RED ASISTENCIAL LA LIBERTAD       ,LAREDO,LA LIBERTAD,TRUJILLO,LAREDO,I-3,SI,LA LIBERTAD,NO PERTENECE A NINGUNA RED,NO PERTENECE A NINGUNA MICRORED
12105,C.A.P.II,RED ASISTENCIAL LA LIBERTAD       ,OTUZCO,LA LIBERTAD,OTUZCO,OTUZCO,I-3,SI,LA LIBERTAD,NO PERTENECE A NINGUNA RED,NO PERTENECE A NINGUNA MICRORED
11540,C.A.P.II,RED ASISTENCIAL LA LIBERTAD       ,SOLEDAD,LA LIBERTAD,PATAZ,PARCOY,I-2,SI,LA LIBERTAD,NO PERTENECE A NINGUNA RED,NO PERTENECE A NINGUNA MICRORED
12111,C.A.P.II,RED ASISTENCIAL LA LIBERTAD       ,TAYABAMBA,LA LIBERTAD,PATAZ,TAYABAMBA,I-3,SI,LA LIBERTAD,NO PERTENECE A NINGUNA RED,NO PERTENECE A NINGUNA MICRORED
12113,P.M.,RED ASISTENCIAL LA LIBERTAD       ,CARTAVIO,LA LIBERTAD,ASCOPE,SANTIAGO DE CAO,I-2,SI,LA LIBERTAD,NO PERTENECE A NINGUNA RED,NO PERTENECE A NINGUNA MICRORED
12117,P.M.,RED ASISTENCIAL LA LIBERTAD       ,CHAO,LA LIBERTAD,VIRÚ,CHAO,I-2,SI,LA LIBERTAD,NO PERTENECE A NINGUNA RED,NO PERTENECE A NINGUNA MICRORED
9646,P.M.,RED ASISTENCIAL LA LIBERTAD       ,JEQUETEPEQUE,LA LIBERTAD,PACASMAYO,JEQUETEPEQUE,I-2,SI,LA LIBERTAD,NO PERTENECE A NINGUNA RED,NO PERTENECE A NINGUNA MICRORED
9486,P.M.,RED ASISTENCIAL LA LIBERTAD       ,LIMONCARRO,LA LIBERTAD,PACASMAYO,GUADALUPE,I-2,SI,LA LIBERTAD,NO PERTENECE A NINGUNA RED,NO PERTENECE A NINGUNA MICRORED
12107,P.M.,RED ASISTENCIAL LA LIBERTAD       ,PAIJÁN,LA LIBERTAD,ASCOPE,PAIJÁN,I-2,SI,LA LIBERTAD,NO PERTENECE A NINGUNA RED,NO PERTENECE A NINGUNA MICRORED
12112,P.M.,RED ASISTENCIAL LA LIBERTAD       ,QUIRUVILCA,LA LIBERTAD,SANTIAGO DE CHUCO,QUIRUVILCA,I-2,SI,LA LIBERTAD,NO PERTENECE A NINGUNA RED,NO PERTENECE A NINGUNA MICRORED
12110,P.M.,RED ASISTENCIAL LA LIBERTAD       ,SAN JOSÉ,LA LIBERTAD,PACASMAYO,SAN JOSÉ,I-2,SI,LA LIBERTAD,NO PERTENECE A NINGUNA RED,NO PERTENECE A NINGUNA MICRORED
12114,P.M.,RED ASISTENCIAL LA LIBERTAD       ,SANTIAGO DE CAO,LA LIBERTAD,ASCOPE,SANTIAGO DE CAO,I-2,SI,LA LIBERTAD,NO PERTENECE A NINGUNA RED,NO PERTENECE A NINGUNA MICRORED
12108,P.M.,RED ASISTENCIAL LA LIBERTAD       ,SANTIAGO DE CHUCO,LA LIBERTAD,SANTIAGO DE CHUCO,SANTIAGO DE CHUCO,I-3,SI,LA LIBERTAD,NO PERTENECE A NINGUNA RED,NO PERTENECE A NINGUNA MICRORED
12115,P.M.,RED ASISTENCIAL LA LIBERTAD       ,SAUSAL,LA LIBERTAD,ASCOPE,CHICAMA,I-2,SI,LA LIBERTAD,NO PERTENECE A NINGUNA RED,NO PERTENECE A NINGUNA MICRORED
12104,C.A.P.I,RED ASISTENCIAL LA LIBERTAD       ,CASCAS,LA LIBERTAD,GRAN CHIMÚ,CASCAS,I-2,SI,LA LIBERTAD,NO PERTENECE A NINGUNA RED,NO PERTENECE A NINGUNA MICRORED
9277,C.A.P.I,RED ASISTENCIAL LA LIBERTAD       ,CHICAMA,LA LIBERTAD,ASCOPE,CHICAMA,I-2,SI,LA LIBERTAD,NO PERTENECE A NINGUNA RED,NO PERTENECE A NINGUNA MICRORED
12116,C.A.P.I,RED ASISTENCIAL LA LIBERTAD       ,MALABRIGO,LA LIBERTAD,ASCOPE,RAZURÍ,I-2,SI,LA LIBERTAD,NO PERTENECE A NINGUNA RED,NO PERTENECE A NINGUNA MICRORED
12103,C.A.P.I,RED ASISTENCIAL LA LIBERTAD       ,SALAVERRY,LA LIBERTAD,TRUJILLO,SALAVERRY,I-2,SI,LA LIBERTAD,NO PERTENECE A NINGUNA RED,NO PERTENECE A NINGUNA MICRORED
12097,C.A.P.I,RED ASISTENCIAL LA LIBERTAD       ,SAN PEDRO DE LLOC,LA LIBERTAD,PACASMAYO,SAN PEDRO DE LLOC,I-2,SI,LA LIBERTAD,NO PERTENECE A NINGUNA RED,NO PERTENECE A NINGUNA MICRORED
8577,H.N.,RED PRESTACIONAL LAMBAYEQUE          ,ALMANZOR AGUINAGA ASENJO,LAMBAYEQUE,CHICLAYO,CHICLAYO,III-1,SI,LAMBAYEQUE,NO PERTENECE A NINGUNA RED,NO PERTENECE A NINGUNA MICRORED
11020,H.II,RED PRESTACIONAL LAMBAYEQUE          ,LUIS ENRIQUE HEYSEN INCHAUSTEGUI,LAMBAYEQUE,CHICLAYO,PIMENTEL,II-1,SI,LAMBAYEQUE,NO PERTENECE A NINGUNA RED,NO PERTENECE A NINGUNA MICRORED
,H.II,RED PRESTACIONAL LAMBAYEQUE          ,HOSPITAL CLÍNICO TUMÁN,LAMAYEQUE ,CHICLAYO,TUMÁN,,SI,,,
8901,H.I,RED PRESTACIONAL LAMBAYEQUE          ,AGUSTÍN ARBULÚ NEYRA,LAMBAYEQUE,FERREÑAFE,FERREÑAFE,SIN CATEGORIA,SI,LAMBAYEQUE,NO PERTENECE A NINGUNA RED,NO PERTENECE A NINGUNA MICRORED
9954,H.I,RED PRESTACIONAL LAMBAYEQUE          ,CHEPÉN,LA LIBERTAD,CHEPÉN,CHEPÉN,II-1,SI,LA LIBERTAD,NO PERTENECE A NINGUNA RED,NO PERTENECE A NINGUNA MICRORED
8835,H.I,RED PRESTACIONAL LAMBAYEQUE          ,NAYLAMP,LAMBAYEQUE,CHICLAYO,CHICLAYO,SIN CATEGORIA,SI,LAMBAYEQUE,NO PERTENECE A NINGUNA RED,NO PERTENECE A NINGUNA MICRORED
12241,POL.,RED PRESTACIONAL LAMBAYEQUE          ,AGUSTIN GAVIDIA SALCEDO,LAMBAYEQUE,LAMBAYEQUE,LAMBAYEQUE,I-3,SI,LAMBAYEQUE,NO PERTENECE A NINGUNA RED,NO PERTENECE A NINGUNA MICRORED
8836,POL.,RED PRESTACIONAL LAMBAYEQUE          ,CHICLAYO OESTE,LAMBAYEQUE,CHICLAYO,CHICLAYO,I-3,SI,LAMBAYEQUE,LAMBAYEQUE,NO PERTENECE A NINGUNA MICRORED
8833,C.A.P.III,RED PRESTACIONAL LAMBAYEQUE          ,CARLOS CASTAÑEDA IPARRAGUIRRE,LAMBAYEQUE,CHICLAYO,LA VICTORIA,I-3,SI,LAMBAYEQUE,NO PERTENECE A NINGUNA RED,NO PERTENECE A NINGUNA MICRORED
8831,C.A.P.III,RED PRESTACIONAL LAMBAYEQUE          ,MANUEL MANRIQUE NEVADO,LAMBAYEQUE,CHICLAYO,JOSÉ LEONARDO ORTÍZ,I-3,SI,LAMBAYEQUE,NO PERTENECE A NINGUNA RED,NO PERTENECE A NINGUNA MICRORED
,C.A.P.III,RED PRESTACIONAL LAMBAYEQUE          ,JAEN,LAMBAYEQUE,JAÉN,JAÉN,,SI,,,
8349,C.A.P.II,RED PRESTACIONAL LAMBAYEQUE          ,CHONGOYAPE,LAMBAYEQUE,CHICLAYO,CHONGOYAPE,I-2,SI,LAMBAYEQUE,NO PERTENECE A NINGUNA RED,NO PERTENECE A NINGUNA MICRORED
8891,C.A.P.II,RED PRESTACIONAL LAMBAYEQUE          ,JAYANCA,LAMBAYEQUE,LAMBAYEQUE,JAYANCA,I-2,SI,LAMBAYEQUE,NO PERTENECE A NINGUNA RED,NO PERTENECE A NINGUNA MICRORED
8839,C.A.P.II,RED PRESTACIONAL LAMBAYEQUE          ,MOTUPE,LAMBAYEQUE,LAMBAYEQUE,MOTUPE,I-2,SI,LAMBAYEQUE,NO PERTENECE A NINGUNA RED,NO PERTENECE A NINGUNA MICRORED
16699,C.A.P.II,RED PRESTACIONAL LAMBAYEQUE          ,PÁTAPO,LAMBAYEQUE,CHICLAYO,PÁTAPO,I-3,SI,LAMBAYEQUE,NO PERTENECE A NINGUNA RED,NO PERTENECE A NINGUNA MICRORED
11841,C.M.,RED PRESTACIONAL LAMBAYEQUE          ,CAYALTÍ,LAMBAYEQUE,CHICLAYO,ZAÑA,I-3,SI,LAMBAYEQUE,NO PERTENECE A NINGUNA RED,NO PERTENECE A NINGUNA MICRORED
16702,C.M.,RED PRESTACIONAL LAMBAYEQUE          ,CHOTA,CAJAMARCA,CHOTA,CHOTA,I-3,SI,CAJAMARCA,NO PERTENECE A NINGUNA RED,NO PERTENECE A NINGUNA MICRORED
15233,C.M.,RED PRESTACIONAL LAMBAYEQUE          ,CUTERVO,CAJAMARCA,CUTERVO,CUTERVO,I-3,SI,CAJAMARCA,NO PERTENECE A NINGUNA RED,NO PERTENECE A NINGUNA MICRORED
8838,C.M.,RED PRESTACIONAL LAMBAYEQUE          ,JUAN AITA VALLE ,LAMBAYEQUE,CHICLAYO,ETEN,I-3,SI,LAMBAYEQUE,NO PERTENECE A NINGUNA RED,NO PERTENECE A NINGUNA MICRORED
8830,P.M.,RED PRESTACIONAL LAMBAYEQUE          ,OLMOS,LAMBAYEQUE,LAMBAYEQUE,OLMOS,I-2,SI,LAMBAYEQUE,NO PERTENECE A NINGUNA RED,NO PERTENECE A NINGUNA MICRORED
8892,P.M.,RED PRESTACIONAL LAMBAYEQUE          ,OYOTÚN,LAMBAYEQUE,CHICLAYO,OYOTÚN,I-2,SI,LAMBAYEQUE,NO PERTENECE A NINGUNA RED,NO PERTENECE A NINGUNA MICRORED
16703,P.M.,RED PRESTACIONAL LAMBAYEQUE          ,SANTA CRUZ,CAJAMARCA,SANTA CRUZ,SANTA CRUZ,I-2,SI,CAJAMARCA,NO PERTENECE A NINGUNA RED,NO PERTENECE A NINGUNA MICRORED
8608,P.M.,RED PRESTACIONAL LAMBAYEQUE          ,TUCUME,LAMBAYEQUE,LAMBAYEQUE,TÚCUME,I-2,SI,LAMBAYEQUE,NO PERTENECE A NINGUNA RED,NO PERTENECE A NINGUNA MICRORED
8832,P.M.,RED PRESTACIONAL LAMBAYEQUE          ,UCUPE ,LAMBAYEQUE,CHICLAYO,LAGUNAS,I-2,SI,LAMBAYEQUE,NO PERTENECE A NINGUNA RED,NO PERTENECE A NINGUNA MICRORED
10136,H.II,RED ASISTENCIAL JAEN    ,JAÉN,CAJAMARCA,JAÉN,JAÉN,II-1,SI,CAJAMARCA,NO PERTENECE A NINGUNA RED,NO PERTENECE A NINGUNA MICRORED
10299,C.A.P.II,RED ASISTENCIAL JAEN    ,SAN IGNACIO,CAJAMARCA,SAN IGNACIO,SAN IGNACIO,I-3,SI,CAJAMARCA,NO PERTENECE A NINGUNA RED,NO PERTENECE A NINGUNA MICRORED
16704,P.M.,RED ASISTENCIAL JAEN    ,PUCARÁ,CAJAMARCA,JAÉN,PUCARÁ,I-2,SI,CAJAMARCA,NO PERTENECE A NINGUNA RED,NO PERTENECE A NINGUNA MICRORED
8720,H.N.,GERENCIA DE RED PRESTACIONAL REBAGLIATI,EDGARDO REBAGLIATI  MARTINS,LIMA,LIMA,JESÚS MARÍA,III-2,SI,LIMA SUR,NO PERTENECE A NINGUNA RED,NO PERTENECE A NINGUNA MICRORED
8489,H.III,GERENCIA DE RED PRESTACIONAL REBAGLIATI,SUAREZ-ANGAMOS,LIMA,LIMA,MIRAFLORES,II-2,SI,LIMA SUR,NO PERTENECE A NINGUNA RED,NO PERTENECE A NINGUNA MICRORED
10536,H.II,GERENCIA DE RED PRESTACIONAL REBAGLIATI,CAÑETE,LIMA,CAÑETE,SAN VICENTE DE CAÑETE,II-1,SI,LIMA,NO PERTENECE A NINGUNA RED,NO PERTENECE A NINGUNA MICRORED
10135,H.I,GERENCIA DE RED PRESTACIONAL REBAGLIATI,CARLOS ALCÁNTARA BUTERFIELD,LIMA,LIMA,LA MOLINA,II-1,SI,LIMA ESTE,NO PERTENECE A NINGUNA RED,NO PERTENECE A NINGUNA MICRORED
8741,H.I,GERENCIA DE RED PRESTACIONAL REBAGLIATI,ULDARICO ROCCA FERNANDEZ ,LIMA,LIMA,VILLA EL SALVADOR,II-1,SI,LIMA SUR,NO PERTENECE A NINGUNA RED,NO PERTENECE A NINGUNA MICRORED
9298,POL.,GERENCIA DE RED PRESTACIONAL REBAGLIATI,CENTRAL DE PREVENCIÓN LARCO,LIMA,LIMA,MIRAFLORES,I-3,SI,LIMA SUR,NO PERTENECE A NINGUNA RED,NO PERTENECE A NINGUNA MICRORED
8539,POL.,GERENCIA DE RED PRESTACIONAL REBAGLIATI,CHINCHA,LIMA,LIMA,LIMA,I-3,SI,LIMA SUR,NO PERTENECE A NINGUNA RED,NO PERTENECE A NINGUNA MICRORED
8438,POL.,GERENCIA DE RED PRESTACIONAL REBAGLIATI,JUAN JOSÉ RODRÍGUEZ LAZO ,LIMA,LIMA,CHORRILLOS,I-3,SI,LIMA SUR,NO PERTENECE A NINGUNA RED,NO PERTENECE A NINGUNA MICRORED
8711,POL.,GERENCIA DE RED PRESTACIONAL REBAGLIATI,PABLO BERMÚDEZ,LIMA ,LIMA,JESÚS MARÍA,I-3,SI,LIMA SUR,NO PERTENECE A NINGUNA RED,NO PERTENECE A NINGUNA MICRORED
8378,POL.,GERENCIA DE RED PRESTACIONAL REBAGLIATI,PRÓCERES,LIMA,LIMA,SANTIAGO DE SURCO,I-3,SI,LIMA SUR,NO PERTENECE A NINGUNA RED,NO PERTENECE A NINGUNA MICRORED
9148,POL.,GERENCIA DE RED PRESTACIONAL REBAGLIATI,SANTA CRUZ,LIMA,LIMA,MIRAFLORES,I-2,SI,LIMA SUR,NO PERTENECE A NINGUNA RED,NO PERTENECE A NINGUNA MICRORED
25929,C.M.,GERENCIA DE RED PRESTACIONAL REBAGLIATI,CENTRO DE ATENCION INTEGRAL DE DIABETES E HIPERTENSION (CEDHI),LIMA,LIMA,JESÚS MARÍA,I-2,SI,,,
10569,C.M.,GERENCIA DE RED PRESTACIONAL REBAGLIATI,MALA,LIMA,CAÑETE,MALA,I-3,SI,LIMA,NO PERTENECE A NINGUNA RED,NO PERTENECE A NINGUNA MICRORED
15471,C.A.P.III,GERENCIA DE RED PRESTACIONAL REBAGLIATI,SAN ISIDRO,LIMA,LIMA,SAN ISIDRO,I-3,SI,LIMA SUR,NO PERTENECE A NINGUNA RED, 
13012,C.A.P.III,GERENCIA DE RED PRESTACIONAL REBAGLIATI,SAN JUAN DE MIRAFLORES,LIMA,LIMA,SAN JUAN DE MIRAFLORES,I-3,SI,LIMA SUR,NO PERTENECE A NINGUNA RED,NO PERTENECE A NINGUNA MICRORED
13091,C.A.P.III,GERENCIA DE RED PRESTACIONAL REBAGLIATI,SURQUILLO,LIMA,LIMA,SURQUILLO,I-3,SI,LIMA SUR,NO PERTENECE A NINGUNA RED,NO PERTENECE A NINGUNA MICRORED
9979,C.A.P.II,GERENCIA DE RED PRESTACIONAL REBAGLIATI,LURIN,LIMA,LIMA,LURIN,I-3,SI,LIMA SUR,NO PERTENECE A NINGUNA RED,NO PERTENECE A NINGUNA MICRORED
,P.M.,GERENCIA DE RED PRESTACIONAL REBAGLIATI,LA QUEBRADA,LIMA,CAÑETE,SAN LUIS,,SI,,,
,P.M.,GERENCIA DE RED PRESTACIONAL REBAGLIATI,SAN ISIDRO,LIMA,CAÑETE,IMPERIAL,,SI,,,
9251,H.N.,GERENCIA DE RED PRESTACIONAL ALMENARA,GUILLERMO ALMENARA  IRIGOYEN,LIMA,LIMA,LA VICTORIA,III-2,SI,LIMA SUR,NO PERTENECE A NINGUNA RED,NO PERTENECE A NINGUNA MICRORED
8502,H.III,GERENCIA DE RED PRESTACIONAL ALMENARA,HOSPITAL DE EMERGENCIAS GRAU,LIMA,LIMA,LIMA,II-2,SI,LIMA SUR,NO PERTENECE A NINGUNA RED,NO PERTENECE A NINGUNA MICRORED
9188,H.II,GERENCIA DE RED PRESTACIONAL ALMENARA,RAMÓN CASTILLA,LIMA,LIMA,LIMA,II-1,SI,LIMA SUR,NO PERTENECE A NINGUNA RED,NO PERTENECE A NINGUNA MICRORED
10434,H.II,GERENCIA DE RED PRESTACIONAL ALMENARA,SAN ISIDRO LABRADOR,LIMA,LIMA,SANTA ANITA,II-1,SI,LIMA ESTE,NO PERTENECE A NINGUNA RED,NO PERTENECE A NINGUNA MICRORED
8353,H.II,GERENCIA DE RED PRESTACIONAL ALMENARA,VITARTE,LIMA,LIMA,ATE-VITARTE,II-1,SI,LIMA ESTE,NO PERTENECE A NINGUNA RED,NO PERTENECE A NINGUNA MICRORED
8317,H.I,GERENCIA DE RED PRESTACIONAL ALMENARA,AURELIO DÍAZ-UFANO Y PERAL ,LIMA,LIMA,SAN JUAN DE LURIGANCHO,I-3,SI,LIMA ESTE,NO PERTENECE A NINGUNA RED,NO PERTENECE A NINGUNA MICRORED
8318,H.I,GERENCIA DE RED PRESTACIONAL ALMENARA,JORGE VOTO BERNALES CORPANCHO ,LIMA,LIMA,SANTA ANITA,I-3,SI,LIMA ESTE,NO PERTENECE A NINGUNA RED,NO PERTENECE A NINGUNA MICRORED
8370,POL.,GERENCIA DE RED PRESTACIONAL ALMENARA,CHOSICA,LIMA,LIMA,LURIGANCHO,II-1,SI,LIMA ESTE,NO PERTENECE A NINGUNA RED,NO PERTENECE A NINGUNA MICRORED
8881,POL.,GERENCIA DE RED PRESTACIONAL ALMENARA,FRANCISCO PIZARRO,LIMA,LIMA,RÍMAC,II-E,SI,LIMA SUR,NO PERTENECE A NINGUNA RED,NO PERTENECE A NINGUNA MICRORED
8289,POL.,GERENCIA DE RED PRESTACIONAL ALMENARA,POL.COMPLEJIDAD CRECIENTE SAN LUIS,LIMA,LIMA,SAN LUIS,I-3,SI,LIMA SUR,NO PERTENECE A NINGUNA RED,NO PERTENECE A NINGUNA MICRORED
17695,C.A.P.III,GERENCIA DE RED PRESTACIONAL ALMENARA,ALFREDO PIAZZA ROBERTS,LIMA,LIMA,LINCE,I-3,SI,LIMA SUR,NO PERTENECE A NINGUNA RED,NO PERTENECE A NINGUNA MICRORED
8282,C.A.P.III,GERENCIA DE RED PRESTACIONAL ALMENARA,EL AGUSTINO,LIMA,LIMA,EL AGUSTINO,SIN CATEGORIA,SI,LIMA ESTE,NO PERTENECE A NINGUNA RED,NO PERTENECE A NINGUNA MICRORED
8251,C.A.P.III,GERENCIA DE RED PRESTACIONAL ALMENARA,HUAYCAN,LIMA,LIMA,ATE-VITARTE,I-3,SI,LIMA ESTE,NO PERTENECE A NINGUNA RED,NO PERTENECE A NINGUNA MICRORED
16357,C.A.P.III,GERENCIA DE RED PRESTACIONAL ALMENARA,INDEPENDENCIA,LIMA,LIMA,INDEPENDENCIA,I-3,SI,LIMA SUR,NO PERTENECE A NINGUNA RED,NO PERTENECE A NINGUNA MICRORED
,C.A.P.III,GERENCIA DE RED PRESTACIONAL ALMENARA,MANCO CAPAC,LIMA,LIMA,LA VICTORIA,,SI,,,
,C.A.P.III,GERENCIA DE RED PRESTACIONAL ALMENARA,SAN BORJA,LIMA,LIMA,SAN BORJA,,SI,,,
8880,C.M.,GERENCIA DE RED PRESTACIONAL ALMENARA,ANCIJE,LIMA,LIMA,LIMA,I-3,SI,LIMA SUR,NO PERTENECE A NINGUNA RED,NO PERTENECE A NINGUNA MICRORED
10570,C.M.,GERENCIA DE RED PRESTACIONAL ALMENARA,CASAPALCA,LIMA,HUAROCHIRI,CHICLA,SIN CATEGORIA,SI,LIMA,NO PERTENECE A NINGUNA RED,NO PERTENECE A NINGUNA MICRORED
9304,P.M.,GERENCIA DE RED PRESTACIONAL ALMENARA,CONSTRUCCIÓN CIVIL,LIMA,LIMA,LA VICTORIA,I-2,SI,LIMA SUR,NO PERTENECE A NINGUNA RED,NO PERTENECE A NINGUNA MICRORED
8265,H.N.,GERENCIA DE RED PRESTACIONAL SABOGAL, ALBERTO SABOGAL SOLOGUREN,CALLAO,CALLAO,BELLAVISTA,III-1,SI,CALLAO,NO PERTENECE A NINGUNA RED,NO PERTENECE A NINGUNA MICRORED
11337,H.II,GERENCIA DE RED PRESTACIONAL SABOGAL,GUSTAVO LANATTA LUJÁN,LIMA,HUAURA,HUACHO,II-2,SI,LIMA,NO PERTENECE A NINGUNA RED,NO PERTENECE A NINGUNA MICRORED
10533,H.II,GERENCIA DE RED PRESTACIONAL SABOGAL,"LIMA NORTE -CALLAO ""LUIS NEGREIROS VEGA""",CALLAO,CALLAO,CALLAO,II-2,SI,CALLAO,NO PERTENECE A NINGUNA RED,NO PERTENECE A NINGUNA MICRORED
8671,H.I,GERENCIA DE RED PRESTACIONAL SABOGAL,MARINO MOLINA SCIPPA,LIMA,LIMA,COMAS,II-1,SI,LIMA SUR,NO PERTENECE A NINGUNA RED,NO PERTENECE A NINGUNA MICRORED
8564,H.I,GERENCIA DE RED PRESTACIONAL SABOGAL,OCTAVIO MONGRUT MUÑOZ,LIMA,LIMA,SAN MIGUEL,II-1,SI,LIMA SUR,NO PERTENECE A NINGUNA RED,NO PERTENECE A NINGUNA MICRORED
9274,POL.,GERENCIA DE RED PRESTACIONAL SABOGAL,FIORI,LIMA,LIMA,LOS OLIVOS,I-3,SI,LIMA SUR,NO PERTENECE A NINGUNA RED,NO PERTENECE A NINGUNA MICRORED
,POL.,GERENCIA DE RED PRESTACIONAL SABOGAL,POL.COMPLEJIDAD CRECIENTE EL RETABLO,LIMA,LIMA,COMAS,SIN CATEGORIA,SI,,,
15470,C.A.P.III,GERENCIA DE RED PRESTACIONAL SABOGAL,CARABAYLLO,LIMA,LIMA,CARABAYLLO,I-3,SI,,,
8146,C.A.P.III,GERENCIA DE RED PRESTACIONAL SABOGAL,HERMANA MARÍA DONROSE SUTMOLLER,CALLAO,CALLAO,VENTANILLA,I-2,SI,CALLAO,NO PERTENECE A NINGUNA RED,NO PERTENECE A NINGUNA MICRORED
10333,C.A.P.III,GERENCIA DE RED PRESTACIONAL SABOGAL,HUARAL,LIMA,HUARAL,HUARAL,I-4,SI,LIMA,NO PERTENECE A NINGUNA RED,NO PERTENECE A NINGUNA MICRORED
7948,C.A.P.III,GERENCIA DE RED PRESTACIONAL SABOGAL,LUIS NEGREIROS,CALLAO,CALLAO,CALLAO,I-2,SI,CALLAO,NO PERTENECE A NINGUNA RED,NO PERTENECE A NINGUNA MICRORED
10964,C.A.P.III,GERENCIA DE RED PRESTACIONAL SABOGAL,METROPOLITANO DEL CALLAO,CALLAO,CALLAO,CALLAO,I-3,SI,CALLAO,NO PERTENECE A NINGUNA RED,NO PERTENECE A NINGUNA MICRORED
17814,C.A.P.III,GERENCIA DE RED PRESTACIONAL SABOGAL,PEDRO REYES  BARBOZA  ,LIMA,BARRANCA,BARRANCA,I-4,SI,LIMA,NO PERTENECE A NINGUNA RED,NO PERTENECE A NINGUNA MICRORED
9163,C.A.P.III,GERENCIA DE RED PRESTACIONAL SABOGAL,PUENTE PIEDRA,LIMA,LIMA,PUENTE PIEDRA,I-3,SI,LIMA SUR,NO PERTENECE A NINGUNA RED,NO PERTENECE A NINGUNA MICRORED
10374,C.A.P.II,GERENCIA DE RED PRESTACIONAL SABOGAL,CHANCAY,LIMA,HUARAL,CHANCAY,I-3,SI,LIMA,NO PERTENECE A NINGUNA RED,NO PERTENECE A NINGUNA MICRORED
10394,C.A.P.II,GERENCIA DE RED PRESTACIONAL SABOGAL,PARAMONGA,LIMA,BARRANCA,PARAMONGA,I-3,SI,LIMA,NO PERTENECE A NINGUNA RED,NO PERTENECE A NINGUNA MICRORED
10391,C.A.P.II,GERENCIA DE RED PRESTACIONAL SABOGAL,SAYÁN,LIMA,HUAURA,SAYÁN,I-3,SI,LIMA,NO PERTENECE A NINGUNA RED,NO PERTENECE A NINGUNA MICRORED
10392,P.M.,GERENCIA DE RED PRESTACIONAL SABOGAL,HUMAYA,LIMA,HUAURA,HUACHO,I-2,SI,LIMA,NO PERTENECE A NINGUNA RED,NO PERTENECE A NINGUNA MICRORED
10393,P.M.,GERENCIA DE RED PRESTACIONAL SABOGAL,OYÓN,LIMA,OYÓN,OYÓN,I-2,SI,LIMA,NO PERTENECE A NINGUNA RED,NO PERTENECE A NINGUNA MICRORED
,P.M.,GERENCIA DE RED PRESTACIONAL SABOGAL,RAURA,LIMA,HUAURA,HUACHO,SIN CATEGORIA,SI,,,
11409,H.III,RED ASISTENCIAL LORETO    , IQUITOS,LORETO,MAYNAS,IQUITOS,III-1,SI,LORETO,NO PERTENECE A NINGUNA RED,NO PERTENECE A NINGUNA MICRORED
20274,H.I,RED ASISTENCIAL LORETO    ,YURIMAGUAS,LORETO,ALTO AMAZONAS,YURIMAGUAS,II-1,SI,LORETO,NO PERTENECE A NINGUNA RED,NO PERTENECE A NINGUNA MICRORED
11408,C.A.P.III,RED ASISTENCIAL LORETO    ,IQUITOS,LORETO,MAYNAS,IQUITOS,I-3,SI,LORETO,NO PERTENECE A NINGUNA RED,NO PERTENECE A NINGUNA MICRORED
11397,C.A.P.III,RED ASISTENCIAL LORETO    ,PUNCHANA,LORETO,MAYNAS,PUNCHANA,I-3,SI,LORETO,NO PERTENECE A NINGUNA RED,NO PERTENECE A NINGUNA MICRORED
11556,C.A.P.II,RED ASISTENCIAL LORETO    ,CABALLOCOCHA,LORETO,RAMÓN CASTILLA,RAMÓN CASTILLA,I-3,SI,LORETO,NO PERTENECE A NINGUNA RED,NO PERTENECE A NINGUNA MICRORED
11403,C.A.P.II,RED ASISTENCIAL LORETO    ,NAUTA,LORETO,LORETO,NAUTA,I-3,SI,LORETO,NO PERTENECE A NINGUNA RED,NO PERTENECE A NINGUNA MICRORED
11405,C.A.P.II,RED ASISTENCIAL LORETO    ,REQUENA,LORETO,REQUENA,REQUENA,I-3,SI,LORETO,NO PERTENECE A NINGUNA RED,NO PERTENECE A NINGUNA MICRORED
11386,C.A.P.II,RED ASISTENCIAL LORETO    ,SAN JUAN BAUTISTA,LORETO,MAYNAS,SAN JUAN BAUTISTA,I-3,SI,LORETO,NO PERTENECE A NINGUNA RED,NO PERTENECE A NINGUNA MICRORED
21032,C.A.P.I,RED ASISTENCIAL LORETO    ,SAN ANTONIO DEL ESTRECHO,LORETO,MAYNAS,PUTUMAYO,I-2,SI,LORETO,NO PERTENECE A NINGUNA RED,NO PERTENECE A NINGUNA MICRORED
9319,H.I,RED ASISTENCIAL  MADRE DE DIOS     ,VÍCTOR ALFREDO LAZO PERALTA ,MADRE DE DIOS,TAMBOPATA,TAMBOPATA,II-1,SI,MADRE DE DIOS,NO PERTENECE A NINGUNA RED,NO PERTENECE A NINGUNA MICRORED
9317,P.M.,RED ASISTENCIAL  MADRE DE DIOS     ,IBERIA,MADRE DE DIOS,TAHUAMANU,IBERIA,I-2,SI,MADRE DE DIOS,NO PERTENECE A NINGUNA RED,NO PERTENECE A NINGUNA MICRORED
9318,P.M.,RED ASISTENCIAL  MADRE DE DIOS     ,MAZUCO,MADRE DE DIOS,TAMBOPATA,INAMBARI,I-2,SI,MADRE DE DIOS,MADRE DE DIOS, 
16153,H.II,RED ASISTENCIAL MOQUEGUA      , ILO,MOQUEGUA,ILO,ILO,II-1,SI,MOQUEGUA,NO PERTENECE A NINGUNA RED,NO PERTENECE A NINGUNA MICRORED
16157,H.II,RED ASISTENCIAL MOQUEGUA      ,MOQUEGUA,MOQUEGUA,MARISCAL NIETO,MOQUEGUA,II-1,SI,MOQUEGUA,NO PERTENECE A NINGUNA RED,NO PERTENECE A NINGUNA MICRORED
,C.M.,RED ASISTENCIAL MOQUEGUA      ,PAMPA INALAMBRICA,MOQUEGUA,ILO,ILO,SIN CATEGORIA,SI,,,
,C.M.,RED ASISTENCIAL MOQUEGUA      ,SAMEGUA,MOQUEGUA,MARISCAL NIETO,SAMEGUA,SIN CATEGORIA,SI,,,
16151,C.A.P.II,RED ASISTENCIAL MOQUEGUA      ,TORATA,MOQUEGUA,MARISCAL NIETO,TORATA,I-3,SI,MOQUEGUA,NO PERTENECE A NINGUNA RED,NO PERTENECE A NINGUNA MICRORED
16150,P.M.,RED ASISTENCIAL MOQUEGUA      ,OMATE,MOQUEGUA,GENERAL SÁNCHEZ CERRO,OMATE,I-2,SI,MOQUEGUA,NO PERTENECE A NINGUNA RED,NO PERTENECE A NINGUNA MICRORED
9747,H.II,RED ASISTENCIAL PASCO       , CERRO DE PASCO,PASCO,PASCO,CHAUPIMARCA,II-2,SI,PASCO,NO PERTENECE A NINGUNA RED,NO PERTENECE A NINGUNA MICRORED
9749,H.I,RED ASISTENCIAL PASCO       , HUARIACA,PASCO,PASCO,HUARIACA,II-E,SI,PASCO,NO PERTENECE A NINGUNA RED,NO PERTENECE A NINGUNA MICRORED
9748,H.I,RED ASISTENCIAL PASCO       ,OXAPAMPA,PASCO,OXAPAMPA,OXAPAMPA,II-1,SI,PASCO,NO PERTENECE A NINGUNA RED,NO PERTENECE A NINGUNA MICRORED
9750,C.M.,RED ASISTENCIAL PASCO       ,SAN JUAN,PASCO,PASCO,YANACANCHA,I-4,SI,PASCO,NO PERTENECE A NINGUNA RED,NO PERTENECE A NINGUNA MICRORED
9751,C.A.P.II,RED ASISTENCIAL PASCO       ,HUAYLLAY,PASCO,PASCO,HUAYLLAY,I-3,SI,PASCO,NO PERTENECE A NINGUNA RED,NO PERTENECE A NINGUNA MICRORED
9761,C.A.P.II,RED ASISTENCIAL PASCO       ,VILLA RICA,PASCO,OXAPAMPA,VILLA RICA,I-3,SI,PASCO,NO PERTENECE A NINGUNA RED,NO PERTENECE A NINGUNA MICRORED
9760,C.A.P.II,RED ASISTENCIAL PASCO       ,YANAHUANCA,PASCO,DANIEL A. CARRIÓN,YANAHUANCA,I-3,SI,PASCO,NO PERTENECE A NINGUNA RED,NO PERTENECE A NINGUNA MICRORED
9752,P.M.,RED ASISTENCIAL PASCO       ,CHICRÍN,PASCO,PASCO,YANACANCHA,I-2,SI,PASCO,NO PERTENECE A NINGUNA RED,NO PERTENECE A NINGUNA MICRORED
9754,P.M.,RED ASISTENCIAL PASCO       ,COLQUIJIRCA,PASCO,PASCO,TINYAHUARCO,I-3,SI,PASCO,NO PERTENECE A NINGUNA RED,NO PERTENECE A NINGUNA MICRORED
9756,P.M.,RED ASISTENCIAL PASCO       ,HUARÓN,PASCO,PASCO,HUAYLLAY,I-2,SI,PASCO,NO PERTENECE A NINGUNA RED,NO PERTENECE A NINGUNA MICRORED
9753,P.M.,RED ASISTENCIAL PASCO       ,MILPO,PASCO,PASCO,SAN FRANCISCO  DE ASIS DE YARUSYACAN,I-2,SI,PASCO,NO PERTENECE A NINGUNA RED,NO PERTENECE A NINGUNA MICRORED
9762,P.M.,RED ASISTENCIAL PASCO       ,PAUCARTAMBO,PASCO,PASCO,PAUCARTAMBO,I-3,SI,PASCO,NO PERTENECE A NINGUNA RED,NO PERTENECE A NINGUNA MICRORED
9758,P.M.,RED ASISTENCIAL PASCO       ,POZUZO,PASCO,OXAPAMPA,POZUZO,I-2,SI,PASCO,NO PERTENECE A NINGUNA RED,NO PERTENECE A NINGUNA MICRORED
9763,P.M.,RED ASISTENCIAL PASCO       ,PUERTO BERMÚDEZ,PASCO,OXAPAMPA,PUERTO BERMÚDEZ,I-2,SI,PASCO,NO PERTENECE A NINGUNA RED,NO PERTENECE A NINGUNA MICRORED
15230,H.III,RED ASISTENCIAL PIURA  ,CAYETANO HEREDIA,PIURA,PIURA,PIURA,III-1,SI,PIURA,NO PERTENECE A NINGUNA RED,NO PERTENECE A NINGUNA MICRORED
10244,H.II,RED ASISTENCIAL PIURA  ,JORGE REÁTEGUI DELGADO,PIURA,PIURA,PIURA,SIN CATEGORIA,SI,PIURA,NO PERTENECE A NINGUNA RED,NO PERTENECE A NINGUNA MICRORED
12243,H.II,RED ASISTENCIAL PIURA  ,TALARA,PIURA,TALARA,PARIÑAS,II-1,SI,PIURA,NO PERTENECE A NINGUNA RED,NO PERTENECE A NINGUNA MICRORED
11763,H.I,RED ASISTENCIAL PIURA  ,MIGUEL CRUZADO VERA  ,PIURA,PAITA,PAITA,I-4,SI,PIURA,NO PERTENECE A NINGUNA RED,NO PERTENECE A NINGUNA MICRORED
10267,H.I,RED ASISTENCIAL PIURA  ,SULLANA,PIURA,SULLANA,SULLANA,SIN CATEGORIA,SI,PIURA,NO PERTENECE A NINGUNA RED,NO PERTENECE A NINGUNA MICRORED
12319,C.A.P.III,RED ASISTENCIAL PIURA  ,CATACAOS,PIURA,PIURA,CATACAOS,I-3,SI,PIURA,NO PERTENECE A NINGUNA RED,NO PERTENECE A NINGUNA MICRORED
12235,C.A.P.III,RED ASISTENCIAL PIURA  ,METROPOLITANO DE PIURA,PIURA,PIURA,PIURA,I-3,SI,PIURA,NO PERTENECE A NINGUNA RED,NO PERTENECE A NINGUNA MICRORED
10243,C.A.P.III,RED ASISTENCIAL PIURA  ,CASTILLA,PIURA,PIURA,CASTILLA,I-3,SI,PIURA,NO PERTENECE A NINGUNA RED,NO PERTENECE A NINGUNA MICRORED
19912,C.M.,RED ASISTENCIAL PIURA  ,EL ALTO ,PIURA,TALARA,EL ALTO,I-2,SI,PIURA,NO PERTENECE A NINGUNA RED,NO PERTENECE A NINGUNA MICRORED
11733,C.M.,RED ASISTENCIAL PIURA  ,LEONCIO AMAYA TUME,PIURA,PIURA,LA UNIÓN,I-3,SI,PIURA,NO PERTENECE A NINGUNA RED,NO PERTENECE A NINGUNA MICRORED
11707,C.M.,RED ASISTENCIAL PIURA  ,TAMBOGRANDE,PIURA,PIURA,TAMBO GRANDE,I-2,SI,PIURA,NO PERTENECE A NINGUNA RED,NO PERTENECE A NINGUNA MICRORED
19913,C.A.P.II,RED ASISTENCIAL PIURA  ,CHULUCANAS,PIURA,MORROPÓN,CHULUCANAS,I-3,SI,PIURA,NO PERTENECE A NINGUNA RED,NO PERTENECE A NINGUNA MICRORED
19914,P.M.,RED ASISTENCIAL PIURA  ,AYABACA,PIURA,AYABACA,AYABACA,I-2,SI,PIURA,NO PERTENECE A NINGUNA RED,NO PERTENECE A NINGUNA MICRORED
19835,P.M.,RED ASISTENCIAL PIURA  ,CANCHAQUE,PIURA,HUANCABAMBA,CANCHAQUE,I-2,SI,PIURA,NO PERTENECE A NINGUNA RED,NO PERTENECE A NINGUNA MICRORED
20625,P.M.,RED ASISTENCIAL PIURA  ,HUANCABAMBA,PIURA,HUANCABAMBA,HUANCABAMBA,I-2,SI,PIURA,NO PERTENECE A NINGUNA RED,NO PERTENECE A NINGUNA MICRORED
20626,P.M.,RED ASISTENCIAL PIURA  ,IGNACIO ESCUDERO,PIURA,SULLANA,IGNACIO ESCUDERO,I-2,SI,PIURA,NO PERTENECE A NINGUNA RED,NO PERTENECE A NINGUNA MICRORED
19915,P.M.,RED ASISTENCIAL PIURA  ,LOS ÓRGANOS,PIURA,TALARA,LOS ÓRGANOS,I-2,SI,PIURA,NO PERTENECE A NINGUNA RED,NO PERTENECE A NINGUNA MICRORED
20627,P.M.,RED ASISTENCIAL PIURA  ,MORROPÓN,PIURA,MORROPÓN,MORROPÓN,SIN CATEGORIA,SI,PIURA,NO PERTENECE A NINGUNA RED,NO PERTENECE A NINGUNA MICRORED
20628,P.M.,RED ASISTENCIAL PIURA  ,NEGRITOS,PIURA,TALARA,LA BREA,I-2,SI,PIURA,NO PERTENECE A NINGUNA RED,NO PERTENECE A NINGUNA MICRORED
20629,P.M.,RED ASISTENCIAL PIURA  ,SECHURA,PIURA,SECHURA,SECHURA,I-2,SI,PIURA,NO PERTENECE A NINGUNA RED,NO PERTENECE A NINGUNA MICRORED
9215,H.III,RED ASISTENCIAL PUNO    ,PUNO,PUNO,PUNO,PUNO,II-2,SI,PUNO,NO PERTENECE A NINGUNA RED,NO PERTENECE A NINGUNA MICRORED
25544,H.I,RED ASISTENCIAL PUNO    ,CLÍNICA UNIVERSITARIA UNA-EsSalud,PUNO,PUNO,PUNO,II-E,SI,,,
9218,POL.,RED ASISTENCIAL PUNO    ,ILAVE,PUNO,EL COLLAO,ILAVE,I-3,SI,PUNO,NO PERTENECE A NINGUNA RED,NO PERTENECE A NINGUNA MICRORED
9217,C.A.P.III,RED ASISTENCIAL PUNO    ,METROPOLITANO DE PUNO,PUNO,PUNO,PUNO,I-3,SI,PUNO,NO PERTENECE A NINGUNA RED,NO PERTENECE A NINGUNA MICRORED
9220,C.A.P.II,RED ASISTENCIAL PUNO    ,ACORA,PUNO,PUNO,ACORA,I-3,SI,PUNO,NO PERTENECE A NINGUNA RED,NO PERTENECE A NINGUNA MICRORED
9221,C.A.P.I,RED ASISTENCIAL PUNO    ,DESAGUADERO,PUNO,CHUCUITO,DESAGUADERO,I-3,SI,PUNO,NO PERTENECE A NINGUNA RED,NO PERTENECE A NINGUNA MICRORED
25342,C.A.P.I,RED ASISTENCIAL PUNO    ,LARAQUERI,PUNO,PUNO,PICHACANI,I-3,SI,,,
9222,P.M.,RED ASISTENCIAL PUNO    ,JULI,PUNO,CHUCUITO,JULI,I-3,SI,PUNO,NO PERTENECE A NINGUNA RED,NO PERTENECE A NINGUNA MICRORED
9219,P.M.,RED ASISTENCIAL PUNO    ,YUNGUYO,PUNO,YUNGUYO,YUNGUYO,I-3,SI,PUNO,NO PERTENECE A NINGUNA RED,NO PERTENECE A NINGUNA MICRORED
9899,H.III,RED ASISTENCIAL JULIACA  ,JULIACA,PUNO,SAN ROMAN,JULIACA,II-2,SI,PUNO,NO PERTENECE A NINGUNA RED,NO PERTENECE A NINGUNA MICRORED
9900,H.I,RED ASISTENCIAL JULIACA  ,LAMPA,PUNO,LAMPA,LAMPA,II-E,SI,PUNO,NO PERTENECE A NINGUNA RED,NO PERTENECE A NINGUNA MICRORED
24980,POL.,RED ASISTENCIAL JULIACA  ,AZÁNGARO,PUNO,AZÁNGARO,AZÁNGARO,I-3,SI,,,
9901,POL.,RED ASISTENCIAL JULIACA  ,JULIACA,PUNO,SAN ROMAN,JULIACA,I-3,SI,PUNO,NO PERTENECE A NINGUNA RED,NO PERTENECE A NINGUNA MICRORED
24259,C.A.P.III,RED ASISTENCIAL JULIACA  ,ENRIQUE ENCINAS FRANCO,PUNO,SAN ROMAN,JULIACA,I-2,SI,,,
24981,C.M.,RED ASISTENCIAL JULIACA  ,AYAVIRI,PUNO,MELGAR,AYAVIRI,I-3,SI,,,
24999,C.A.P.II,RED ASISTENCIAL JULIACA  ,CABANILLAS,PUNO,SAN ROMAN ,CABANILLAS,I-3,SI,,,
9895,P.M.,RED ASISTENCIAL JULIACA  ,HUANCANÉ,PUNO,HUANCANÉ,HUANCANÉ,I-3,SI,PUNO,NO PERTENECE A NINGUNA RED,NO PERTENECE A NINGUNA MICRORED
9896,P.M.,RED ASISTENCIAL JULIACA  ,SAN  GABÁN,PUNO,CARABAYA,MACUSANI,I-2,SI,PUNO,NO PERTENECE A NINGUNA RED,NO PERTENECE A NINGUNA MICRORED
9898,P.M.,RED ASISTENCIAL JULIACA  ,SAN RAFAEL,PUNO,MELGAR,ANTAUTA,I-2,SI,PUNO,NO PERTENECE A NINGUNA RED,NO PERTENECE A NINGUNA MICRORED
9897,P.M.,RED ASISTENCIAL JULIACA  ,SANDIA,PUNO,SANDIA,SANDIA,I-2,SI,PUNO,NO PERTENECE A NINGUNA RED,NO PERTENECE A NINGUNA MICRORED
15849,C.A.P.I,RED ASISTENCIAL JULIACA  ,ASILLO,PUNO,AZANGARO ,ASILLO,I-2,SI,PUNO,NO PERTENECE A NINGUNA RED,NO PERTENECE A NINGUNA MICRORED
15598,H.I,RED ASISTENCIAL MOYOBAMBA     ,ALTO MAYO,SAN MARTÍN,MOYOBAMBA,MOYOBAMBA,II-1,SI,SAN MARTIN,NO PERTENECE A NINGUNA RED,NO PERTENECE A NINGUNA MICRORED
21003,H.I,RED ASISTENCIAL MOYOBAMBA     ,RIOJA,SAN MARTÍN,RIOJA,RIOJA,I-4,SI,SAN MARTIN,NO PERTENECE A NINGUNA RED,NO PERTENECE A NINGUNA MICRORED
19336,C.A.P.I,RED ASISTENCIAL MOYOBAMBA     ,NUEVA CAJAMARCA,SAN MARTÍN,RIOJA,NUEVA CAJAMARCA,I-2,SI,SAN MARTIN,NO PERTENECE A NINGUNA RED,NO PERTENECE A NINGUNA MICRORED
16480,H.II,RED ASISTENCIAL TARAPOTO  ,TARAPOTO,SAN MARTÍN,SAN MARTÍN,TARAPOTO,SIN CATEGORIA,SI,SAN MARTIN,NO PERTENECE A NINGUNA RED,NO PERTENECE A NINGUNA MICRORED
16481,H.I,RED ASISTENCIAL TARAPOTO  ,JUANJUI,SAN MARTÍN,MARISCAL CÁCERES,JUANJUI,SIN CATEGORIA,SI,SAN MARTIN,NO PERTENECE A NINGUNA RED,NO PERTENECE A NINGUNA MICRORED
,C.M.,RED ASISTENCIAL TARAPOTO  ,METROPOLITANO,SAN MARTÍN,SAN MARTÍN,TARAPOTO,,SI,,,
,C.M.,RED ASISTENCIAL TARAPOTO  ,MORALES,SAN MARTÍN,SAN MARTÍN,MORALES,,SI,,,
16482,P.M.,RED ASISTENCIAL TARAPOTO  ,BELLAVISTA,SAN MARTÍN,BELLAVISTA,BELLAVISTA,SIN CATEGORIA,SI,SAN MARTIN,NO PERTENECE A NINGUNA RED,NO PERTENECE A NINGUNA MICRORED
16484,P.M.,RED ASISTENCIAL TARAPOTO  ,LAMAS,SAN MARTÍN,LAMAS,LAMAS,I-2,SI,SAN MARTIN,NO PERTENECE A NINGUNA RED,NO PERTENECE A NINGUNA MICRORED
16483,P.M.,RED ASISTENCIAL TARAPOTO  ,SAPOSOA,SAN MARTÍN,HUALLAGA,SAPOSOA,SIN CATEGORIA,SI,SAN MARTIN,NO PERTENECE A NINGUNA RED,NO PERTENECE A NINGUNA MICRORED
10185,H.III,RED ASISTENCIAL TACNA,TACNA DANIEL ALCIDES CARRIÓN,TACNA,TACNA,CALANA,II-2,SI,TACNA,NO PERTENECE A NINGUNA RED,NO PERTENECE A NINGUNA MICRORED
10190,C.A.P.III,RED ASISTENCIAL TACNA,METROPOLITANO DE TACNA,TACNA,TACNA,TACNA,I-3,SI,TACNA,NO PERTENECE A NINGUNA RED,NO PERTENECE A NINGUNA MICRORED
10222,C.A.P.II,RED ASISTENCIAL TACNA,LUIS PALZA LEVANO,TACNA,TACNA,TACNA,I-2,SI,TACNA,NO PERTENECE A NINGUNA RED,NO PERTENECE A NINGUNA MICRORED
10228,C.A.P.II,RED ASISTENCIAL TACNA,OSCAR FERNANDEZ DÁVILA VELEZ,TACNA,TACNA,TACNA,I-2,SI,TACNA,NO PERTENECE A NINGUNA RED,NO PERTENECE A NINGUNA MICRORED
10191,C.A.P.I,RED ASISTENCIAL TACNA,ILABAYA,TACNA,JORGE BASADRE,ILABAYA,I-2,SI,TACNA,NO PERTENECE A NINGUNA RED,NO PERTENECE A NINGUNA MICRORED
10230,C.A.P.I,RED ASISTENCIAL TACNA,ITE,TACNA,JORGE BASADRE,ITE,I-2,SI,TACNA,NO PERTENECE A NINGUNA RED,NO PERTENECE A NINGUNA MICRORED
10192,C.A.P.I,RED ASISTENCIAL TACNA,TARATA,TACNA,TARATA,TARATA,I-2,SI,TACNA,NO PERTENECE A NINGUNA RED,NO PERTENECE A NINGUNA MICRORED
18550,P.M.   LOCUMBA,RED ASISTENCIAL TACNA,,TACNA,JORGE BASADRE,LOCUMBA,I-2,SI,TACNA,NO PERTENECE A NINGUNA RED,NO PERTENECE A NINGUNA MICRORED
12272,H.I,RED ASISTENCIAL TUMBES   ,CARLOS ALBERTO CORTÉZ JIMÉNEZ ,TUMBES,TUMBES,TUMBES,II-1,SI,TUMBES,NO PERTENECE A NINGUNA RED,NO PERTENECE A NINGUNA MICRORED
12274,P.M.,RED ASISTENCIAL TUMBES   ,LA CRUZ,TUMBES,TUMBES,LA CRUZ,I-2,SI,TUMBES,NO PERTENECE A NINGUNA RED,NO PERTENECE A NINGUNA MICRORED
12271,P.M.,RED ASISTENCIAL TUMBES   ,ZARUMILLA,TUMBES,ZARUMILLA,ZARUMILLA,I-2,SI,TUMBES,NO PERTENECE A NINGUNA RED,NO PERTENECE A NINGUNA MICRORED
12273,P.M.,RED ASISTENCIAL TUMBES   ,ZORRITOS,TUMBES,CNTRALMTE. VILLAR,ZORRITOS,I-2,SI,TUMBES,NO PERTENECE A NINGUNA RED,NO PERTENECE A NINGUNA MICRORED
9600,H.II,RED ASISTENCIAL UCAYALI    , PUCALLPA,UCAYALI,CORONEL PORTILLO,CALLARIA,II-2,SI,UCAYALI,NO PERTENECE A NINGUNA RED,NO PERTENECE A NINGUNA MICRORED
9597,P.M.,RED ASISTENCIAL UCAYALI    ,AGUAYTIA,UCAYALI,PADRE ABAD,PADRE ABAD,I-2,SI,UCAYALI,NO PERTENECE A NINGUNA RED,NO PERTENECE A NINGUNA MICRORED
9598,P.M.,RED ASISTENCIAL UCAYALI    ,ALAMEDA,UCAYALI,CORONEL PORTILLO,YARINACOCHA,I-3,SI,UCAYALI,NO PERTENECE A NINGUNA RED,NO PERTENECE A NINGUNA MICRORED
9592,P.M.,RED ASISTENCIAL UCAYALI    ,ATALAYA,UCAYALI,ATALAYA,RAIMONDI,I-3,SI,UCAYALI,NO PERTENECE A NINGUNA RED,NO PERTENECE A NINGUNA MICRORED
10843,P.M.,RED ASISTENCIAL UCAYALI    ,CONTAMANA,LORETO,UCAYALI,CONTAMANA,I-3,SI,LORETO,NO PERTENECE A NINGUNA RED,NO PERTENECE A NINGUNA MICRORED
9604,C.A.P.I,RED ASISTENCIAL UCAYALI    ,CAMPO VERDE,UCAYALI,CORONEL PORTILLO,CAMPO VERDE,I-2,SI,UCAYALI,NO PERTENECE A NINGUNA RED,NO PERTENECE A NINGUNA MICRORED
13874,C.A.P.I,RED ASISTENCIAL UCAYALI    ,MANANTAY,UCAYALI,CORONEL PORTILLO,MANANTAY,I-2,SI,UCAYALI,NO PERTENECE A NINGUNA RED,NO PERTENECE A NINGUNA MICRORED
18011,,,"INSTITUTO NACIONAL CARDIOVASCULAR ""CARLOS ALBERTO PESCHIERA CARRILLO""",LIMA,LIMA,JESÚS MARÍA,III-E,SI,LIMA SUR,NO PERTENECE A NINGUNA RED,NO PERTENECE A NINGUNA MICRORED
16363,,,INSTITUTO PERUANO DE OFTALMOLOGÍA,PIURA,PIURA,CASTILLA,II-E,SI,PIURA,NO PERTENECE A NINGUNA RED,NO PERTENECE A NINGUNA MICRORED
16488,,,CENTRO NACIONAL DE SALUD RENAL,LIMA,LIMA,JESÚS MARÍA,"Servicio Médico de Apoyo
Servicios en Hemodiálisis y Diálisis Peritoneal",SI,LIMA SUR,NO PERTENECE A NINGUNA RED,NO PERTENECE A NINGUNA MICRORED
